Dates,volat,price
1/3/2000,,
1/4/2000,,
1/5/2000,,
1/6/2000,,
1/7/2000,,
1/10/2000,,
1/11/2000,,
1/12/2000,,
1/13/2000,,
1/14/2000,,
1/17/2000,,
1/18/2000,,
1/19/2000,,
1/20/2000,,
1/21/2000,,
1/24/2000,,
1/25/2000,,
1/26/2000,,
1/27/2000,,
1/28/2000,,
1/31/2000,,
2/1/2000,,
2/2/2000,,
2/3/2000,,
2/4/2000,,
2/7/2000,,
2/8/2000,,
2/9/2000,,
2/10/2000,,
2/11/2000,,
2/14/2000,,
2/15/2000,,
2/16/2000,,
2/17/2000,,
2/18/2000,,
2/21/2000,,
2/22/2000,,
2/23/2000,,
2/24/2000,,
2/25/2000,,
2/28/2000,,
2/29/2000,,
3/1/2000,,
3/2/2000,,
3/3/2000,,
3/6/2000,,
3/7/2000,,
3/8/2000,,
3/9/2000,,
3/10/2000,,
3/13/2000,,
3/14/2000,,
3/15/2000,,
3/16/2000,,
3/17/2000,,
3/20/2000,,
3/21/2000,,
3/22/2000,,
3/23/2000,,
3/24/2000,,
3/27/2000,,
3/28/2000,,
3/29/2000,,
3/30/2000,,
3/31/2000,,
4/3/2000,,
4/4/2000,,
4/5/2000,,
4/6/2000,,
4/7/2000,,
4/10/2000,,
4/11/2000,,
4/12/2000,,
4/13/2000,,
4/14/2000,,
4/17/2000,,
4/18/2000,,
4/19/2000,,
4/20/2000,,
4/21/2000,,
4/24/2000,,
4/25/2000,,
4/26/2000,,
4/27/2000,,
4/28/2000,,
5/1/2000,,
5/2/2000,,
5/3/2000,,
5/4/2000,,
5/5/2000,,
5/8/2000,,
5/9/2000,,
5/10/2000,,
5/11/2000,,
5/12/2000,,
5/15/2000,,
5/16/2000,,
5/17/2000,,
5/18/2000,,
5/19/2000,,
5/22/2000,,
5/23/2000,,
5/24/2000,,
5/25/2000,,
5/26/2000,,
5/29/2000,,
5/30/2000,,
5/31/2000,,
6/1/2000,,
6/2/2000,,
6/5/2000,,
6/6/2000,,
6/7/2000,,
6/8/2000,,
6/9/2000,,
6/12/2000,,
6/13/2000,,
6/14/2000,,
6/15/2000,,
6/16/2000,,
6/19/2000,,
6/20/2000,,
6/21/2000,,
6/22/2000,,
6/23/2000,,
6/26/2000,,
6/27/2000,,
6/28/2000,,
6/29/2000,,
6/30/2000,,
7/3/2000,,
7/4/2000,,
7/5/2000,,
7/6/2000,,
7/7/2000,,
7/10/2000,,
7/11/2000,,
7/12/2000,,
7/13/2000,,
7/14/2000,,
7/17/2000,,
7/18/2000,,
7/19/2000,,
7/20/2000,,
7/21/2000,,
7/24/2000,,
7/25/2000,,
7/26/2000,,
7/27/2000,,
7/28/2000,,
7/31/2000,,
8/1/2000,,
8/2/2000,,
8/3/2000,,
8/4/2000,,
8/7/2000,,
8/8/2000,,
8/9/2000,,
8/10/2000,,
8/11/2000,,
8/14/2000,,
8/15/2000,,
8/16/2000,,
8/17/2000,,
8/18/2000,,
8/21/2000,,
8/22/2000,,
8/23/2000,,
8/24/2000,,
8/25/2000,,
8/28/2000,,
8/29/2000,,
8/30/2000,,
8/31/2000,,
9/1/2000,,
9/4/2000,,
9/5/2000,,
9/6/2000,,
9/7/2000,,
9/8/2000,,
9/11/2000,,
9/12/2000,,
9/13/2000,,
9/14/2000,,
9/15/2000,,
9/18/2000,,
9/19/2000,,
9/20/2000,,
9/21/2000,,
9/22/2000,,
9/25/2000,,
9/26/2000,,
9/27/2000,,
9/28/2000,,
9/29/2000,,
10/2/2000,,
10/3/2000,,
10/4/2000,,
10/5/2000,,
10/6/2000,,
10/9/2000,,
10/10/2000,,
10/11/2000,,
10/12/2000,,
10/13/2000,,
10/16/2000,,
10/17/2000,,
10/18/2000,,
10/19/2000,,
10/20/2000,,
10/23/2000,,
10/24/2000,,
10/25/2000,,
10/26/2000,,
10/27/2000,,
10/30/2000,,
10/31/2000,,
11/1/2000,,
11/2/2000,,
11/3/2000,,
11/6/2000,,
11/7/2000,,
11/8/2000,,
11/9/2000,,
11/10/2000,,
11/13/2000,,
11/14/2000,,
11/15/2000,,
11/16/2000,,
11/17/2000,,
11/20/2000,,
11/21/2000,,
11/22/2000,,
11/23/2000,,
11/24/2000,,
11/27/2000,,
11/28/2000,,
11/29/2000,,
11/30/2000,,
12/1/2000,,
12/4/2000,,
12/5/2000,,
12/6/2000,,
12/7/2000,,
12/8/2000,,
12/11/2000,,
12/12/2000,,
12/13/2000,,
12/14/2000,,
12/15/2000,,
12/18/2000,,
12/19/2000,,
12/20/2000,,
12/21/2000,,
12/22/2000,,
12/25/2000,,
12/26/2000,,
12/27/2000,,
12/28/2000,,
12/29/2000,,
1/1/2001,,
1/2/2001,,
1/3/2001,,
1/4/2001,,
1/5/2001,,
1/8/2001,,
1/9/2001,,
1/10/2001,,
1/11/2001,,
1/12/2001,,
1/15/2001,,
1/16/2001,,
1/17/2001,,
1/18/2001,,
1/19/2001,,
1/22/2001,,
1/23/2001,,
1/24/2001,,
1/25/2001,,
1/26/2001,,
1/29/2001,,
1/30/2001,,
1/31/2001,,
2/1/2001,,
2/2/2001,,
2/5/2001,,
2/6/2001,,
2/7/2001,,
2/8/2001,,
2/9/2001,,
2/12/2001,,
2/13/2001,,
2/14/2001,,
2/15/2001,,
2/16/2001,,
2/19/2001,,
2/20/2001,,
2/21/2001,,
2/22/2001,,
2/23/2001,,
2/26/2001,,
2/27/2001,,
2/28/2001,,
3/1/2001,,
3/2/2001,,
3/5/2001,,
3/6/2001,,
3/7/2001,,
3/8/2001,,
3/9/2001,,
3/12/2001,,
3/13/2001,,
3/14/2001,,
3/15/2001,,
3/16/2001,,
3/19/2001,,
3/20/2001,,
3/21/2001,,
3/22/2001,,
3/23/2001,,
3/26/2001,,
3/27/2001,,
3/28/2001,,
3/29/2001,,
3/30/2001,,
4/2/2001,,
4/3/2001,,
4/4/2001,,
4/5/2001,,
4/6/2001,,
4/9/2001,,
4/10/2001,,
4/11/2001,,
4/12/2001,,
4/13/2001,,
4/16/2001,,
4/17/2001,,
4/18/2001,,
4/19/2001,,
4/20/2001,,
4/23/2001,,
4/24/2001,,
4/25/2001,,
4/26/2001,,
4/27/2001,,
4/30/2001,,
5/1/2001,,
5/2/2001,,
5/3/2001,,
5/4/2001,,
5/7/2001,,
5/8/2001,,
5/9/2001,,
5/10/2001,,
5/11/2001,,
5/14/2001,,
5/15/2001,,
5/16/2001,,
5/17/2001,,
5/18/2001,,
5/21/2001,,
5/22/2001,,
5/23/2001,,
5/24/2001,,
5/25/2001,,
5/28/2001,,
5/29/2001,,
5/30/2001,,
5/31/2001,,
6/1/2001,,
6/4/2001,,
6/5/2001,,
6/6/2001,,
6/7/2001,,
6/8/2001,,
6/11/2001,,
6/12/2001,,
6/13/2001,,
6/14/2001,,
6/15/2001,,
6/18/2001,,
6/19/2001,,
6/20/2001,,
6/21/2001,,
6/22/2001,,
6/25/2001,,
6/26/2001,,
6/27/2001,,
6/28/2001,,
6/29/2001,,
7/2/2001,,
7/3/2001,,
7/4/2001,,
7/5/2001,,
7/6/2001,,
7/9/2001,,
7/10/2001,,
7/11/2001,,
7/12/2001,,
7/13/2001,,
7/16/2001,,
7/17/2001,,
7/18/2001,,
7/19/2001,,
7/20/2001,,
7/23/2001,,
7/24/2001,,
7/25/2001,,
7/26/2001,,
7/27/2001,,
7/30/2001,,
7/31/2001,,
8/1/2001,,
8/2/2001,,
8/3/2001,,
8/6/2001,,
8/7/2001,,
8/8/2001,,
8/9/2001,,
8/10/2001,,
8/13/2001,,
8/14/2001,,
8/15/2001,,
8/16/2001,,
8/17/2001,,
8/20/2001,,
8/21/2001,,
8/22/2001,,
8/23/2001,,
8/24/2001,,
8/27/2001,,
8/28/2001,,
8/29/2001,,
8/30/2001,,
8/31/2001,,
9/3/2001,,
9/4/2001,,
9/5/2001,,
9/6/2001,,
9/7/2001,,
9/10/2001,,
9/11/2001,,
9/12/2001,,
9/13/2001,,
9/14/2001,,
9/17/2001,,
9/18/2001,,
9/19/2001,,
9/20/2001,,
9/21/2001,,
9/24/2001,,
9/25/2001,,
9/26/2001,,
9/27/2001,,
9/28/2001,,
10/1/2001,,
10/2/2001,,
10/3/2001,,
10/4/2001,,
10/5/2001,,
10/8/2001,,
10/9/2001,,
10/10/2001,,
10/11/2001,,
10/12/2001,,
10/15/2001,,
10/16/2001,,
10/17/2001,,
10/18/2001,,
10/19/2001,,
10/22/2001,,
10/23/2001,,
10/24/2001,,
10/25/2001,,
10/26/2001,,
10/29/2001,,
10/30/2001,,
10/31/2001,,
11/1/2001,,
11/2/2001,,
11/5/2001,,
11/6/2001,,
11/7/2001,,
11/8/2001,,
11/9/2001,,
11/12/2001,,
11/13/2001,,
11/14/2001,,
11/15/2001,,
11/16/2001,,
11/19/2001,,
11/20/2001,,
11/21/2001,,
11/22/2001,,
11/23/2001,,
11/26/2001,,
11/27/2001,,
11/28/2001,,
11/29/2001,,
11/30/2001,,
12/3/2001,,
12/4/2001,,
12/5/2001,,
12/6/2001,,
12/7/2001,,
12/10/2001,,
12/11/2001,,
12/12/2001,,
12/13/2001,,
12/14/2001,,
12/17/2001,,
12/18/2001,,
12/19/2001,,
12/20/2001,,
12/21/2001,,
12/24/2001,,
12/25/2001,,
12/26/2001,,
12/27/2001,,
12/28/2001,,
12/31/2001,,
1/1/2002,,
1/2/2002,,
1/3/2002,,
1/4/2002,,
1/7/2002,,
1/8/2002,,
1/9/2002,,
1/10/2002,,
1/11/2002,,
1/14/2002,,
1/15/2002,,
1/16/2002,,
1/17/2002,,
1/18/2002,,
1/21/2002,,
1/22/2002,,
1/23/2002,,
1/24/2002,,
1/25/2002,,
1/28/2002,,
1/29/2002,,
1/30/2002,,
1/31/2002,,
2/1/2002,,
2/4/2002,,
2/5/2002,,
2/6/2002,,
2/7/2002,,
2/8/2002,,
2/11/2002,,
2/12/2002,,
2/13/2002,,
2/14/2002,,
2/15/2002,,
2/18/2002,,
2/19/2002,,
2/20/2002,,
2/21/2002,,
2/22/2002,,
2/25/2002,,
2/26/2002,,
2/27/2002,,
2/28/2002,,
3/1/2002,,
3/4/2002,,
3/5/2002,,
3/6/2002,,
3/7/2002,,
3/8/2002,,
3/11/2002,,
3/12/2002,,
3/13/2002,,
3/14/2002,,
3/15/2002,,
3/18/2002,,
3/19/2002,,
3/20/2002,,
3/21/2002,,
3/22/2002,,
3/25/2002,,
3/26/2002,,
3/27/2002,,
3/28/2002,,
3/29/2002,,
4/1/2002,,
4/2/2002,,
4/3/2002,,
4/4/2002,,
4/5/2002,,
4/8/2002,,
4/9/2002,,
4/10/2002,,
4/11/2002,,
4/12/2002,,
4/15/2002,,
4/16/2002,,
4/17/2002,,
4/18/2002,,
4/19/2002,,
4/22/2002,,
4/23/2002,,
4/24/2002,,
4/25/2002,,
4/26/2002,,
4/29/2002,,
4/30/2002,,
5/1/2002,,
5/2/2002,,
5/3/2002,,
5/6/2002,,
5/7/2002,,
5/8/2002,,
5/9/2002,,
5/10/2002,,
5/13/2002,,
5/14/2002,,
5/15/2002,,
5/16/2002,,
5/17/2002,,
5/20/2002,,
5/21/2002,,
5/22/2002,,
5/23/2002,,
5/24/2002,,
5/27/2002,,
5/28/2002,,
5/29/2002,,
5/30/2002,,
5/31/2002,,
6/3/2002,,
6/4/2002,,
6/5/2002,,
6/6/2002,,
6/7/2002,,
6/10/2002,,
6/11/2002,,
6/12/2002,,
6/13/2002,,
6/14/2002,,
6/17/2002,,
6/18/2002,,
6/19/2002,,
6/20/2002,,
6/21/2002,,
6/24/2002,,
6/25/2002,,
6/26/2002,,
6/27/2002,,
6/28/2002,,
7/1/2002,,
7/2/2002,,
7/3/2002,,
7/4/2002,,
7/5/2002,,
7/8/2002,,
7/9/2002,,
7/10/2002,,
7/11/2002,,
7/12/2002,,
7/15/2002,,
7/16/2002,,
7/17/2002,,
7/18/2002,,
7/19/2002,,
7/22/2002,,
7/23/2002,,
7/24/2002,,
7/25/2002,,
7/26/2002,,
7/29/2002,,
7/30/2002,,
7/31/2002,,
8/1/2002,,
8/2/2002,,
8/5/2002,,
8/6/2002,,
8/7/2002,,
8/8/2002,,
8/9/2002,,
8/12/2002,,
8/13/2002,,
8/14/2002,,
8/15/2002,,
8/16/2002,,
8/19/2002,,
8/20/2002,,
8/21/2002,,
8/22/2002,,
8/23/2002,,
8/26/2002,,
8/27/2002,,
8/28/2002,,
8/29/2002,,
8/30/2002,,
9/2/2002,,
9/3/2002,,
9/4/2002,,
9/5/2002,,
9/6/2002,,
9/9/2002,,
9/10/2002,,
9/11/2002,,
9/12/2002,,
9/13/2002,,
9/16/2002,,
9/17/2002,,
9/18/2002,,
9/19/2002,,
9/20/2002,,
9/23/2002,,
9/24/2002,,
9/25/2002,,
9/26/2002,,
9/27/2002,,
9/30/2002,,
10/1/2002,,
10/2/2002,,
10/3/2002,,
10/4/2002,,
10/7/2002,,
10/8/2002,,
10/9/2002,,
10/10/2002,,
10/11/2002,,
10/14/2002,,
10/15/2002,,
10/16/2002,,
10/17/2002,,
10/18/2002,,
10/21/2002,,
10/22/2002,,
10/23/2002,,
10/24/2002,,
10/25/2002,,
10/28/2002,,
10/29/2002,,
10/30/2002,,
10/31/2002,,
11/1/2002,,
11/4/2002,,
11/5/2002,,
11/6/2002,,
11/7/2002,,
11/8/2002,,
11/11/2002,,
11/12/2002,,
11/13/2002,,
11/14/2002,,
11/15/2002,,
11/18/2002,,
11/19/2002,,
11/20/2002,,
11/21/2002,,
11/22/2002,,
11/25/2002,,
11/26/2002,,
11/27/2002,,
11/28/2002,,
11/29/2002,,
12/2/2002,,
12/3/2002,,
12/4/2002,,
12/5/2002,,
12/6/2002,,
12/9/2002,,
12/10/2002,,
12/11/2002,,
12/12/2002,,
12/13/2002,,
12/16/2002,,
12/17/2002,,
12/18/2002,,
12/19/2002,,
12/20/2002,,
12/23/2002,,
12/24/2002,,
12/25/2002,,
12/26/2002,,
12/27/2002,,
12/30/2002,,
12/31/2002,,
1/1/2003,,
1/2/2003,,
1/3/2003,,
1/6/2003,,
1/7/2003,,
1/8/2003,,
1/9/2003,,
1/10/2003,,
1/13/2003,,
1/14/2003,,
1/15/2003,,
1/16/2003,,
1/17/2003,,
1/20/2003,,
1/21/2003,,
1/22/2003,,
1/23/2003,,
1/24/2003,,
1/27/2003,,
1/28/2003,,
1/29/2003,,
1/30/2003,,
1/31/2003,,
2/3/2003,,
2/4/2003,,
2/5/2003,,
2/6/2003,,
2/7/2003,,
2/10/2003,,
2/11/2003,,
2/12/2003,,
2/13/2003,,
2/14/2003,,
2/17/2003,,
2/18/2003,,
2/19/2003,,
2/20/2003,,
2/21/2003,,
2/24/2003,,
2/25/2003,,
2/26/2003,,
2/27/2003,,
2/28/2003,,
3/3/2003,,
3/4/2003,,
3/5/2003,,
3/6/2003,,
3/7/2003,,
3/10/2003,,
3/11/2003,,
3/12/2003,,
3/13/2003,,
3/14/2003,,
3/17/2003,,
3/18/2003,,
3/19/2003,,
3/20/2003,,
3/21/2003,,
3/24/2003,,
3/25/2003,,
3/26/2003,,
3/27/2003,,
3/28/2003,,
3/31/2003,,
4/1/2003,,
4/2/2003,,
4/3/2003,,
4/4/2003,,
4/7/2003,,
4/8/2003,,
4/9/2003,,
4/10/2003,,
4/11/2003,,
4/14/2003,,
4/15/2003,,
4/16/2003,,
4/17/2003,,
4/18/2003,,
4/21/2003,,
4/22/2003,,
4/23/2003,,
4/24/2003,,
4/25/2003,,
4/28/2003,,
4/29/2003,,
4/30/2003,,
5/1/2003,,
5/2/2003,,
5/5/2003,,
5/6/2003,,
5/7/2003,,
5/8/2003,,
5/9/2003,,
5/12/2003,,
5/13/2003,,
5/14/2003,,
5/15/2003,,
5/16/2003,,
5/19/2003,,
5/20/2003,,
5/21/2003,,
5/22/2003,,
5/23/2003,,
5/26/2003,,
5/27/2003,,
5/28/2003,,
5/29/2003,,
5/30/2003,,
6/2/2003,,
6/3/2003,,
6/4/2003,,
6/5/2003,,
6/6/2003,,
6/9/2003,,
6/10/2003,,
6/11/2003,,
6/12/2003,,
6/13/2003,,
6/16/2003,,
6/17/2003,,
6/18/2003,,
6/19/2003,,
6/20/2003,,
6/23/2003,,
6/24/2003,,
6/25/2003,,
6/26/2003,,
6/27/2003,,
6/30/2003,,
7/1/2003,,
7/2/2003,,
7/3/2003,,
7/4/2003,,
7/7/2003,,
7/8/2003,,
7/9/2003,,
7/10/2003,,
7/11/2003,,
7/14/2003,,
7/15/2003,,
7/16/2003,,
7/17/2003,,
7/18/2003,,
7/21/2003,,
7/22/2003,,
7/23/2003,,
7/24/2003,,
7/25/2003,,
7/28/2003,,
7/29/2003,,
7/30/2003,,
7/31/2003,,
8/1/2003,,
8/4/2003,,
8/5/2003,,
8/6/2003,,
8/7/2003,,
8/8/2003,,
8/11/2003,,
8/12/2003,,
8/13/2003,,
8/14/2003,,
8/15/2003,,
8/18/2003,,
8/19/2003,,
8/20/2003,,
8/21/2003,,
8/22/2003,,
8/25/2003,,
8/26/2003,,
8/27/2003,,
8/28/2003,,
8/29/2003,,
9/1/2003,,
9/2/2003,,
9/3/2003,,
9/4/2003,,
9/5/2003,,
9/8/2003,,
9/9/2003,,
9/10/2003,,
9/11/2003,,
9/12/2003,,
9/15/2003,,
9/16/2003,,
9/17/2003,,
9/18/2003,,
9/19/2003,,
9/22/2003,,
9/23/2003,,
9/24/2003,,
9/25/2003,,
9/26/2003,,
9/29/2003,,
9/30/2003,,
10/1/2003,,
10/2/2003,,
10/3/2003,,
10/6/2003,,
10/7/2003,,
10/8/2003,,
10/9/2003,,
10/10/2003,,
10/13/2003,,
10/14/2003,,
10/15/2003,,
10/16/2003,,
10/17/2003,,
10/20/2003,,
10/21/2003,,
10/22/2003,,
10/23/2003,,
10/24/2003,,
10/27/2003,,
10/28/2003,,
10/29/2003,,
10/30/2003,,
10/31/2003,,
11/3/2003,,
11/4/2003,,
11/5/2003,,
11/6/2003,,
11/7/2003,,
11/10/2003,,
11/11/2003,,
11/12/2003,,
11/13/2003,,
11/14/2003,,
11/17/2003,,
11/18/2003,,
11/19/2003,,
11/20/2003,,
11/21/2003,,
11/24/2003,,
11/25/2003,,
11/26/2003,,
11/27/2003,,
11/28/2003,,
12/1/2003,,
12/2/2003,,
12/3/2003,,
12/4/2003,,
12/5/2003,,
12/8/2003,,
12/9/2003,,
12/10/2003,,
12/11/2003,,
12/12/2003,,
12/15/2003,,
12/16/2003,,
12/17/2003,,
12/18/2003,,
12/19/2003,,
12/22/2003,,
12/23/2003,,
12/24/2003,,
12/25/2003,,
12/26/2003,,
12/29/2003,,
12/30/2003,,
12/31/2003,,
1/1/2004,,
1/2/2004,,
1/5/2004,,
1/6/2004,,
1/7/2004,,
1/8/2004,,
1/9/2004,,
1/12/2004,,
1/13/2004,,
1/14/2004,,
1/15/2004,,
1/16/2004,,
1/19/2004,,
1/20/2004,,
1/21/2004,,
1/22/2004,,
1/23/2004,,
1/26/2004,,
1/27/2004,,
1/28/2004,,
1/29/2004,,
1/30/2004,,
2/2/2004,,
2/3/2004,,
2/4/2004,,
2/5/2004,,
2/6/2004,,
2/9/2004,,
2/10/2004,,
2/11/2004,,
2/12/2004,,
2/13/2004,,
2/16/2004,,
2/17/2004,,
2/18/2004,,
2/19/2004,,
2/20/2004,,
2/23/2004,,
2/24/2004,,
2/25/2004,,
2/26/2004,,
2/27/2004,,
3/1/2004,,
3/2/2004,,
3/3/2004,,
3/4/2004,,
3/5/2004,,
3/8/2004,,
3/9/2004,,
3/10/2004,,
3/11/2004,,
3/12/2004,,
3/15/2004,,
3/16/2004,,
3/17/2004,,
3/18/2004,,
3/19/2004,,
3/22/2004,,
3/23/2004,,
3/24/2004,,
3/25/2004,,
3/26/2004,,
3/29/2004,,
3/30/2004,,
3/31/2004,,
4/1/2004,,
4/2/2004,,
4/5/2004,,
4/6/2004,,
4/7/2004,,
4/8/2004,,
4/9/2004,,
4/12/2004,,
4/13/2004,,
4/14/2004,,
4/15/2004,,
4/16/2004,,
4/19/2004,,
4/20/2004,,
4/21/2004,,
4/22/2004,,
4/23/2004,,
4/26/2004,,
4/27/2004,,
4/28/2004,,
4/29/2004,,
4/30/2004,,
5/3/2004,,
5/4/2004,,
5/5/2004,,
5/6/2004,,
5/7/2004,,
5/10/2004,,
5/11/2004,,
5/12/2004,,
5/13/2004,,
5/14/2004,,
5/17/2004,,
5/18/2004,,
5/19/2004,,
5/20/2004,,
5/21/2004,,
5/24/2004,,
5/25/2004,,
5/26/2004,,
5/27/2004,,
5/28/2004,,
5/31/2004,,
6/1/2004,,
6/2/2004,,
6/3/2004,,
6/4/2004,,
6/7/2004,,
6/8/2004,,
6/9/2004,,
6/10/2004,,
6/11/2004,,
6/14/2004,,
6/15/2004,,
6/16/2004,,
6/17/2004,,
6/18/2004,,
6/21/2004,,
6/22/2004,,
6/23/2004,,
6/24/2004,,
6/25/2004,,
6/28/2004,,
6/29/2004,,
6/30/2004,,
7/1/2004,,
7/2/2004,,
7/5/2004,,
7/6/2004,,
7/7/2004,,
7/8/2004,,
7/9/2004,,
7/12/2004,,
7/13/2004,,
7/14/2004,,
7/15/2004,,
7/16/2004,,
7/19/2004,,
7/20/2004,,
7/21/2004,,
7/22/2004,,
7/23/2004,,
7/26/2004,,
7/27/2004,,
7/28/2004,,
7/29/2004,,
7/30/2004,,
8/2/2004,,
8/3/2004,,
8/4/2004,,
8/5/2004,,
8/6/2004,,
8/9/2004,,
8/10/2004,,
8/11/2004,,
8/12/2004,,
8/13/2004,,
8/16/2004,,
8/17/2004,,
8/18/2004,,
8/19/2004,,
8/20/2004,,
8/23/2004,,
8/24/2004,,
8/25/2004,,
8/26/2004,,
8/27/2004,,
8/30/2004,,
8/31/2004,,
9/1/2004,,
9/2/2004,,
9/3/2004,,
9/6/2004,,
9/7/2004,,
9/8/2004,,
9/9/2004,,
9/10/2004,,
9/13/2004,,
9/14/2004,,
9/15/2004,,
9/16/2004,,
9/17/2004,,
9/20/2004,,
9/21/2004,,
9/22/2004,,
9/23/2004,,
9/24/2004,,
9/27/2004,,
9/28/2004,,
9/29/2004,,
9/30/2004,,
10/1/2004,,
10/4/2004,,
10/5/2004,,
10/6/2004,,
10/7/2004,,
10/8/2004,,
10/11/2004,,
10/12/2004,,
10/13/2004,,
10/14/2004,,
10/15/2004,,
10/18/2004,,
10/19/2004,,
10/20/2004,,
10/21/2004,,
10/22/2004,,
10/25/2004,,
10/26/2004,,
10/27/2004,,
10/28/2004,,
10/29/2004,,
11/1/2004,,
11/2/2004,,
11/3/2004,,
11/4/2004,,
11/5/2004,,
11/8/2004,,
11/9/2004,,
11/10/2004,,
11/11/2004,,
11/12/2004,,
11/15/2004,,
11/16/2004,,
11/17/2004,,
11/18/2004,,
11/19/2004,,
11/22/2004,,
11/23/2004,,
11/24/2004,,
11/25/2004,,
11/26/2004,,
11/29/2004,,
11/30/2004,,
12/1/2004,,
12/2/2004,,
12/3/2004,,
12/6/2004,,
12/7/2004,,
12/8/2004,,
12/9/2004,,
12/10/2004,,
12/13/2004,,
12/14/2004,,
12/15/2004,,
12/16/2004,,
12/17/2004,,
12/20/2004,,
12/21/2004,,
12/22/2004,,
12/23/2004,,
12/24/2004,,
12/27/2004,,
12/28/2004,,
12/29/2004,,
12/30/2004,,
12/31/2004,,
1/3/2005,,
1/4/2005,,
1/5/2005,,
1/6/2005,,
1/7/2005,,
1/10/2005,,
1/11/2005,,
1/12/2005,,
1/13/2005,,
1/14/2005,,
1/17/2005,,
1/18/2005,,
1/19/2005,,
1/20/2005,,
1/21/2005,,
1/24/2005,,
1/25/2005,,
1/26/2005,,
1/27/2005,,
1/28/2005,,
1/31/2005,,
2/1/2005,,
2/2/2005,,
2/3/2005,,
2/4/2005,,
2/7/2005,,
2/8/2005,,
2/9/2005,,
2/10/2005,,
2/11/2005,,
2/14/2005,,
2/15/2005,,
2/16/2005,,
2/17/2005,,
2/18/2005,,
2/21/2005,,
2/22/2005,,
2/23/2005,,
2/24/2005,,
2/25/2005,,
2/28/2005,,
3/1/2005,,
3/2/2005,,
3/3/2005,,
3/4/2005,,
3/7/2005,,
3/8/2005,,
3/9/2005,,
3/10/2005,,
3/11/2005,,
3/14/2005,,
3/15/2005,,
3/16/2005,,
3/17/2005,,
3/18/2005,,
3/21/2005,,
3/22/2005,,
3/23/2005,,
3/24/2005,,
3/25/2005,,
3/28/2005,,
3/29/2005,,
3/30/2005,,
3/31/2005,,
4/1/2005,,
4/4/2005,,
4/5/2005,,
4/6/2005,,
4/7/2005,,
4/8/2005,,
4/11/2005,,
4/12/2005,,
4/13/2005,,
4/14/2005,,
4/15/2005,,
4/18/2005,,
4/19/2005,,
4/20/2005,,
4/21/2005,,
4/22/2005,,
4/25/2005,,
4/26/2005,,
4/27/2005,,
4/28/2005,,
4/29/2005,,
5/2/2005,,
5/3/2005,,
5/4/2005,,
5/5/2005,,
5/6/2005,,
5/9/2005,,
5/10/2005,,
5/11/2005,,
5/12/2005,,
5/13/2005,,
5/16/2005,,
5/17/2005,,
5/18/2005,,
5/19/2005,,
5/20/2005,,
5/23/2005,,
5/24/2005,,
5/25/2005,,
5/26/2005,,
5/27/2005,,
5/30/2005,,
5/31/2005,,
6/1/2005,,
6/2/2005,,
6/3/2005,,
6/6/2005,,
6/7/2005,,
6/8/2005,,
6/9/2005,,
6/10/2005,,
6/13/2005,,
6/14/2005,,
6/15/2005,,
6/16/2005,,
6/17/2005,,
6/20/2005,,
6/21/2005,,
6/22/2005,,
6/23/2005,,
6/24/2005,,
6/27/2005,,
6/28/2005,,
6/29/2005,,
6/30/2005,,
7/1/2005,,
7/4/2005,,
7/5/2005,,
7/6/2005,,
7/7/2005,,
7/8/2005,,
7/11/2005,,
7/12/2005,,
7/13/2005,,
7/14/2005,,
7/15/2005,,
7/18/2005,,
7/19/2005,,
7/20/2005,,
7/21/2005,,
7/22/2005,,
7/25/2005,,
7/26/2005,,
7/27/2005,,
7/28/2005,,
7/29/2005,,
8/1/2005,,
8/2/2005,,
8/3/2005,,
8/4/2005,,
8/5/2005,,
8/8/2005,,
8/9/2005,,
8/10/2005,,
8/11/2005,,
8/12/2005,,
8/15/2005,,
8/16/2005,,
8/17/2005,,
8/18/2005,,
8/19/2005,,
8/22/2005,,
8/23/2005,,
8/24/2005,,
8/25/2005,,
8/26/2005,,
8/29/2005,,
8/30/2005,,
8/31/2005,,
9/1/2005,,
9/2/2005,,
9/5/2005,,
9/6/2005,,
9/7/2005,,
9/8/2005,,
9/9/2005,,
9/12/2005,,
9/13/2005,,
9/14/2005,,
9/15/2005,,
9/16/2005,,
9/19/2005,,
9/20/2005,,
9/21/2005,,
9/22/2005,,
9/23/2005,,
9/26/2005,,
9/27/2005,,
9/28/2005,,
9/29/2005,,
9/30/2005,,
10/3/2005,,
10/4/2005,,
10/5/2005,,
10/6/2005,,
10/7/2005,,
10/10/2005,,
10/11/2005,,
10/12/2005,,
10/13/2005,,
10/14/2005,,
10/17/2005,,
10/18/2005,,
10/19/2005,,
10/20/2005,,
10/21/2005,,
10/24/2005,,
10/25/2005,,
10/26/2005,,
10/27/2005,,
10/28/2005,,
10/31/2005,,
11/1/2005,,
11/2/2005,,
11/3/2005,,
11/4/2005,,
11/7/2005,,
11/8/2005,,
11/9/2005,,
11/10/2005,,
11/11/2005,,
11/14/2005,,
11/15/2005,,
11/16/2005,,
11/17/2005,,
11/18/2005,,
11/21/2005,,
11/22/2005,,
11/23/2005,,
11/24/2005,,
11/25/2005,,
11/28/2005,,
11/29/2005,,
11/30/2005,,
12/1/2005,,
12/2/2005,,
12/5/2005,,
12/6/2005,,
12/7/2005,,
12/8/2005,,
12/9/2005,,
12/12/2005,,
12/13/2005,,
12/14/2005,,
12/15/2005,,
12/16/2005,,
12/19/2005,,
12/20/2005,,
12/21/2005,,
12/22/2005,,
12/23/2005,,
12/26/2005,,
12/27/2005,,
12/28/2005,,
12/29/2005,,
12/30/2005,,
1/2/2006,,
1/3/2006,,
1/4/2006,,
1/5/2006,,
1/6/2006,,
1/9/2006,,
1/10/2006,,
1/11/2006,,
1/12/2006,,
1/13/2006,,
1/16/2006,,
1/17/2006,,
1/18/2006,,
1/19/2006,,
1/20/2006,,
1/23/2006,,
1/24/2006,,
1/25/2006,,
1/26/2006,,
1/27/2006,,
1/30/2006,,
1/31/2006,,
2/1/2006,,
2/2/2006,,
2/3/2006,,
2/6/2006,,
2/7/2006,,
2/8/2006,,
2/9/2006,,
2/10/2006,,
2/13/2006,,
2/14/2006,,
2/15/2006,,
2/16/2006,,
2/17/2006,,
2/20/2006,,
2/21/2006,,
2/22/2006,,
2/23/2006,,
2/24/2006,,
2/27/2006,,
2/28/2006,,
3/1/2006,,
3/2/2006,,
3/3/2006,,
3/6/2006,,
3/7/2006,,
3/8/2006,,
3/9/2006,,
3/10/2006,,
3/13/2006,,
3/14/2006,,
3/15/2006,,
3/16/2006,,
3/17/2006,,
3/20/2006,,
3/21/2006,,
3/22/2006,,
3/23/2006,,
3/24/2006,,
3/27/2006,,
3/28/2006,,
3/29/2006,,
3/30/2006,,
3/31/2006,,
4/3/2006,,
4/4/2006,,
4/5/2006,,
4/6/2006,,
4/7/2006,,
4/10/2006,,
4/11/2006,,
4/12/2006,,
4/13/2006,,
4/14/2006,,
4/17/2006,,
4/18/2006,,
4/19/2006,,
4/20/2006,,
4/21/2006,,
4/24/2006,,
4/25/2006,,
4/26/2006,,
4/27/2006,,
4/28/2006,,
5/1/2006,,
5/2/2006,,
5/3/2006,,
5/4/2006,,
5/5/2006,,
5/8/2006,,
5/9/2006,,
5/10/2006,,
5/11/2006,,
5/12/2006,,
5/15/2006,,
5/16/2006,,
5/17/2006,,
5/18/2006,,
5/19/2006,,
5/22/2006,,
5/23/2006,,
5/24/2006,,
5/25/2006,,
5/26/2006,,
5/29/2006,,
5/30/2006,,
5/31/2006,,
6/1/2006,,
6/2/2006,,
6/5/2006,,
6/6/2006,,
6/7/2006,,
6/8/2006,,
6/9/2006,,
6/12/2006,,
6/13/2006,,
6/14/2006,,
6/15/2006,,
6/16/2006,,
6/19/2006,,
6/20/2006,,
6/21/2006,,
6/22/2006,,
6/23/2006,,
6/26/2006,,
6/27/2006,,
6/28/2006,,
6/29/2006,,
6/30/2006,,
7/3/2006,,
7/4/2006,,
7/5/2006,,
7/6/2006,,
7/7/2006,,
7/10/2006,,
7/11/2006,,
7/12/2006,,
7/13/2006,,
7/14/2006,,
7/17/2006,,
7/18/2006,,
7/19/2006,,
7/20/2006,,
7/21/2006,,
7/24/2006,,
7/25/2006,,
7/26/2006,,
7/27/2006,,
7/28/2006,,
7/31/2006,,
8/1/2006,,
8/2/2006,,
8/3/2006,,
8/4/2006,,
8/7/2006,,
8/8/2006,,
8/9/2006,,
8/10/2006,,
8/11/2006,,
8/14/2006,,
8/15/2006,,
8/16/2006,,
8/17/2006,,
8/18/2006,,
8/21/2006,,
8/22/2006,,
8/23/2006,,
8/24/2006,,
8/25/2006,,
8/28/2006,,
8/29/2006,,
8/30/2006,,
8/31/2006,,
9/1/2006,,
9/4/2006,,
9/5/2006,,
9/6/2006,,
9/7/2006,,
9/8/2006,,
9/11/2006,,
9/12/2006,,
9/13/2006,,
9/14/2006,,
9/15/2006,,
9/18/2006,,
9/19/2006,,
9/20/2006,,
9/21/2006,,
9/22/2006,,
9/25/2006,,
9/26/2006,,
9/27/2006,,
9/28/2006,,
9/29/2006,,
10/2/2006,,
10/3/2006,,
10/4/2006,,
10/5/2006,,
10/6/2006,,
10/9/2006,,
10/10/2006,,
10/11/2006,,
10/12/2006,,
10/13/2006,,
10/16/2006,,
10/17/2006,,
10/18/2006,,
10/19/2006,,
10/20/2006,,
10/23/2006,,
10/24/2006,,
10/25/2006,,
10/26/2006,,
10/27/2006,,
10/30/2006,,
10/31/2006,,
11/1/2006,,
11/2/2006,,
11/3/2006,,
11/6/2006,,
11/7/2006,,
11/8/2006,,
11/9/2006,,
11/10/2006,,
11/13/2006,,
11/14/2006,,
11/15/2006,,
11/16/2006,,
11/17/2006,,
11/20/2006,,
11/21/2006,,
11/22/2006,,
11/23/2006,,
11/24/2006,,
11/27/2006,,
11/28/2006,,
11/29/2006,,
11/30/2006,,
12/1/2006,,
12/4/2006,,
12/5/2006,,
12/6/2006,,
12/7/2006,,
12/8/2006,,
12/11/2006,,
12/12/2006,,
12/13/2006,,
12/14/2006,,
12/15/2006,,
12/18/2006,,
12/19/2006,,
12/20/2006,,
12/21/2006,,
12/22/2006,,
12/25/2006,,
12/26/2006,,
12/27/2006,,
12/28/2006,,
12/29/2006,,
1/1/2007,,
1/2/2007,,
1/3/2007,,
1/4/2007,,
1/5/2007,,
1/8/2007,,
1/9/2007,,
1/10/2007,,
1/11/2007,,
1/12/2007,,
1/15/2007,,
1/16/2007,,
1/17/2007,,
1/18/2007,,
1/19/2007,,
1/22/2007,,
1/23/2007,,
1/24/2007,,
1/25/2007,,
1/26/2007,,
1/29/2007,,
1/30/2007,,
1/31/2007,,
2/1/2007,,
2/2/2007,,
2/5/2007,,
2/6/2007,,
2/7/2007,,
2/8/2007,,
2/9/2007,,
2/12/2007,,
2/13/2007,,
2/14/2007,,
2/15/2007,,
2/16/2007,,
2/19/2007,,
2/20/2007,,
2/21/2007,,
2/22/2007,,
2/23/2007,,
2/26/2007,,
2/27/2007,,
2/28/2007,,
3/1/2007,,
3/2/2007,,
3/5/2007,,
3/6/2007,,
3/7/2007,,
3/8/2007,,
3/9/2007,,
3/12/2007,,
3/13/2007,,
3/14/2007,,
3/15/2007,,
3/16/2007,,
3/19/2007,,
3/20/2007,,
3/21/2007,,
3/22/2007,,
3/23/2007,,
3/26/2007,,
3/27/2007,,
3/28/2007,,
3/29/2007,,
3/30/2007,,
4/2/2007,,
4/3/2007,,
4/4/2007,,
4/5/2007,,
4/6/2007,,
4/9/2007,,
4/10/2007,,
4/11/2007,,
4/12/2007,,
4/13/2007,,
4/16/2007,,
4/17/2007,,
4/18/2007,,
4/19/2007,,
4/20/2007,,
4/23/2007,,
4/24/2007,,
4/25/2007,,
4/26/2007,,
4/27/2007,,
4/30/2007,,
5/1/2007,,
5/2/2007,,
5/3/2007,,
5/4/2007,,
5/7/2007,,
5/8/2007,,
5/9/2007,,
5/10/2007,,
5/11/2007,,
5/14/2007,,
5/15/2007,,
5/16/2007,,
5/17/2007,,
5/18/2007,,
5/21/2007,,
5/22/2007,,
5/23/2007,,
5/24/2007,,
5/25/2007,,
5/28/2007,,
5/29/2007,,
5/30/2007,,
5/31/2007,,
6/1/2007,,
6/4/2007,,
6/5/2007,,
6/6/2007,,
6/7/2007,,
6/8/2007,,
6/11/2007,,
6/12/2007,,
6/13/2007,,
6/14/2007,,
6/15/2007,,
6/18/2007,,
6/19/2007,,
6/20/2007,,
6/21/2007,,
6/22/2007,,
6/25/2007,,
6/26/2007,,
6/27/2007,,
6/28/2007,,
6/29/2007,,
7/2/2007,,
7/3/2007,,
7/4/2007,,
7/5/2007,,
7/6/2007,,
7/9/2007,,
7/10/2007,,
7/11/2007,,
7/12/2007,,
7/13/2007,,
7/16/2007,,
7/17/2007,,
7/18/2007,,
7/19/2007,,
7/20/2007,,
7/23/2007,,
7/24/2007,,
7/25/2007,,
7/26/2007,,
7/27/2007,,
7/30/2007,,
7/31/2007,,
8/1/2007,,
8/2/2007,,
8/3/2007,,
8/6/2007,,
8/7/2007,,
8/8/2007,,
8/9/2007,,
8/10/2007,,
8/13/2007,,
8/14/2007,,
8/15/2007,,
8/16/2007,,
8/17/2007,,
8/20/2007,,
8/21/2007,,
8/22/2007,,
8/23/2007,,
8/24/2007,,
8/27/2007,,
8/28/2007,,
8/29/2007,,
8/30/2007,,
8/31/2007,,
9/3/2007,,
9/4/2007,,
9/5/2007,,
9/6/2007,,
9/7/2007,,
9/10/2007,,
9/11/2007,,
9/12/2007,,
9/13/2007,,
9/14/2007,,
9/17/2007,,
9/18/2007,,
9/19/2007,,
9/20/2007,,
9/21/2007,,
9/24/2007,,
9/25/2007,,
9/26/2007,,
9/27/2007,,
9/28/2007,,
10/1/2007,,
10/2/2007,,
10/3/2007,,
10/4/2007,,
10/5/2007,,
10/8/2007,,
10/9/2007,,
10/10/2007,,
10/11/2007,,
10/12/2007,,
10/15/2007,,
10/16/2007,,
10/17/2007,,
10/18/2007,,
10/19/2007,,
10/22/2007,,
10/23/2007,,
10/24/2007,,
10/25/2007,,
10/26/2007,,
10/29/2007,,
10/30/2007,,
10/31/2007,,
11/1/2007,,
11/2/2007,,
11/5/2007,,
11/6/2007,,
11/7/2007,,
11/8/2007,,
11/9/2007,,
11/12/2007,,
11/13/2007,,
11/14/2007,,
11/15/2007,,
11/16/2007,,
11/19/2007,,
11/20/2007,,
11/21/2007,,
11/22/2007,,
11/23/2007,,
11/26/2007,,
11/27/2007,,
11/28/2007,,
11/29/2007,,
11/30/2007,,
12/3/2007,,
12/4/2007,,
12/5/2007,,
12/6/2007,,
12/7/2007,,
12/10/2007,,
12/11/2007,,
12/12/2007,,
12/13/2007,,
12/14/2007,,
12/17/2007,,
12/18/2007,,
12/19/2007,,
12/20/2007,,
12/21/2007,,
12/24/2007,,
12/25/2007,,
12/26/2007,,
12/27/2007,,
12/28/2007,,
12/31/2007,,
1/1/2008,,
1/2/2008,,
1/3/2008,,
1/4/2008,,
1/7/2008,,
1/8/2008,,
1/9/2008,,
1/10/2008,,
1/11/2008,,
1/14/2008,,
1/15/2008,,
1/16/2008,,
1/17/2008,,
1/18/2008,,
1/21/2008,,
1/22/2008,,
1/23/2008,,
1/24/2008,,
1/25/2008,,
1/28/2008,,
1/29/2008,,
1/30/2008,,
1/31/2008,,
2/1/2008,,
2/4/2008,,
2/5/2008,,
2/6/2008,,
2/7/2008,,
2/8/2008,,
2/11/2008,,
2/12/2008,,
2/13/2008,,
2/14/2008,,
2/15/2008,,
2/18/2008,,
2/19/2008,,
2/20/2008,,
2/21/2008,,
2/22/2008,,
2/25/2008,,
2/26/2008,,
2/27/2008,,
2/28/2008,,
2/29/2008,,
3/3/2008,,
3/4/2008,,
3/5/2008,,
3/6/2008,,
3/7/2008,,
3/10/2008,,
3/11/2008,,
3/12/2008,,
3/13/2008,,
3/14/2008,,
3/17/2008,,
3/18/2008,,
3/19/2008,,
3/20/2008,,
3/21/2008,,
3/24/2008,,
3/25/2008,,
3/26/2008,,
3/27/2008,,
3/28/2008,,
3/31/2008,,
4/1/2008,,
4/2/2008,,
4/3/2008,,
4/4/2008,,
4/7/2008,,
4/8/2008,,
4/9/2008,,
4/10/2008,,
4/11/2008,,
4/14/2008,,
4/15/2008,,
4/16/2008,,
4/17/2008,,
4/18/2008,,
4/21/2008,,
4/22/2008,,
4/23/2008,,
4/24/2008,,
4/25/2008,,
4/28/2008,,
4/29/2008,,
4/30/2008,,
5/1/2008,,
5/2/2008,,
5/5/2008,,
5/6/2008,,
5/7/2008,,
5/8/2008,,
5/9/2008,,
5/12/2008,,
5/13/2008,,
5/14/2008,,
5/15/2008,,
5/16/2008,,
5/19/2008,,
5/20/2008,,
5/21/2008,,
5/22/2008,,
5/23/2008,,
5/26/2008,,
5/27/2008,,
5/28/2008,,
5/29/2008,,
5/30/2008,,
6/2/2008,,
6/3/2008,,
6/4/2008,,
6/5/2008,,
6/6/2008,,
6/9/2008,,
6/10/2008,,
6/11/2008,,
6/12/2008,,
6/13/2008,,
6/16/2008,,
6/17/2008,,
6/18/2008,,
6/19/2008,,
6/20/2008,,
6/23/2008,,
6/24/2008,,
6/25/2008,,
6/26/2008,,
6/27/2008,,
6/30/2008,,
7/1/2008,,
7/2/2008,,
7/3/2008,,
7/4/2008,,
7/7/2008,,
7/8/2008,,
7/9/2008,,
7/10/2008,,
7/11/2008,,
7/14/2008,,
7/15/2008,,
7/16/2008,,
7/17/2008,,
7/18/2008,,
7/21/2008,,
7/22/2008,,
7/23/2008,,
7/24/2008,,
7/25/2008,,
7/28/2008,,
7/29/2008,,
7/30/2008,,
7/31/2008,,
8/1/2008,,
8/4/2008,,
8/5/2008,,
8/6/2008,,
8/7/2008,,
8/8/2008,,
8/11/2008,,
8/12/2008,,
8/13/2008,,
8/14/2008,,
8/15/2008,,
8/18/2008,,
8/19/2008,,
8/20/2008,,
8/21/2008,,
8/22/2008,,
8/25/2008,,
8/26/2008,,
8/27/2008,,
8/28/2008,,
8/29/2008,,
9/1/2008,,
9/2/2008,,
9/3/2008,,
9/4/2008,,
9/5/2008,,
9/8/2008,,
9/9/2008,,
9/10/2008,,
9/11/2008,,
9/12/2008,,
9/15/2008,,
9/16/2008,,
9/17/2008,,
9/18/2008,,
9/19/2008,,
9/22/2008,,
9/23/2008,,
9/24/2008,,
9/25/2008,,
9/26/2008,,
9/29/2008,,
9/30/2008,,
10/1/2008,,
10/2/2008,,
10/3/2008,,
10/6/2008,,
10/7/2008,,
10/8/2008,,
10/9/2008,,
10/10/2008,,
10/13/2008,,
10/14/2008,,
10/15/2008,,
10/16/2008,,
10/17/2008,,
10/20/2008,,
10/21/2008,,
10/22/2008,,
10/23/2008,,
10/24/2008,,
10/27/2008,,
10/28/2008,,
10/29/2008,,
10/30/2008,,
10/31/2008,,
11/3/2008,,
11/4/2008,,
11/5/2008,,
11/6/2008,,
11/7/2008,,
11/10/2008,,
11/11/2008,,
11/12/2008,,
11/13/2008,,
11/14/2008,,
11/17/2008,,
11/18/2008,,
11/19/2008,,
11/20/2008,,
11/21/2008,,
11/24/2008,,
11/25/2008,,
11/26/2008,,
11/27/2008,,
11/28/2008,,
12/1/2008,,
12/2/2008,,
12/3/2008,,
12/4/2008,,
12/5/2008,,
12/8/2008,,
12/9/2008,,
12/10/2008,,
12/11/2008,,
12/12/2008,,
12/15/2008,,
12/16/2008,,
12/17/2008,,
12/18/2008,,
12/19/2008,,
12/22/2008,,
12/23/2008,,
12/24/2008,,
12/25/2008,,
12/26/2008,,
12/29/2008,,
12/30/2008,,
12/31/2008,,
1/1/2009,,
1/2/2009,,
1/5/2009,,
1/6/2009,,
1/7/2009,,
1/8/2009,,
1/9/2009,,
1/12/2009,,
1/13/2009,,
1/14/2009,,
1/15/2009,,
1/16/2009,,
1/19/2009,,
1/20/2009,,
1/21/2009,,
1/22/2009,,
1/23/2009,,
1/26/2009,,
1/27/2009,,
1/28/2009,,
1/29/2009,,
1/30/2009,,
2/2/2009,,
2/3/2009,,
2/4/2009,,
2/5/2009,,
2/6/2009,,
2/9/2009,,
2/10/2009,,
2/11/2009,,
2/12/2009,,
2/13/2009,,
2/16/2009,,
2/17/2009,,
2/18/2009,,
2/19/2009,,
2/20/2009,,
2/23/2009,,
2/24/2009,,
2/25/2009,,
2/26/2009,,
2/27/2009,,
3/2/2009,,
3/3/2009,,
3/4/2009,,
3/5/2009,,
3/6/2009,,
3/9/2009,,
3/10/2009,,
3/11/2009,,
3/12/2009,,
3/13/2009,,
3/16/2009,,
3/17/2009,,
3/18/2009,,
3/19/2009,,
3/20/2009,,
3/23/2009,,
3/24/2009,,
3/25/2009,,
3/26/2009,,
3/27/2009,,
3/30/2009,,
3/31/2009,,
4/1/2009,,
4/2/2009,,
4/3/2009,,
4/6/2009,,
4/7/2009,,
4/8/2009,,
4/9/2009,,
4/10/2009,,
4/13/2009,,
4/14/2009,,
4/15/2009,,
4/16/2009,,
4/17/2009,,
4/20/2009,,
4/21/2009,,
4/22/2009,,
4/23/2009,,
4/24/2009,,
4/27/2009,,
4/28/2009,,
4/29/2009,,
4/30/2009,,
5/1/2009,,
5/4/2009,,
5/5/2009,,
5/6/2009,,
5/7/2009,,
5/8/2009,,
5/11/2009,,
5/12/2009,,
5/13/2009,,
5/14/2009,,
5/15/2009,,
5/18/2009,,
5/19/2009,,
5/20/2009,,
5/21/2009,,
5/22/2009,,
5/25/2009,,
5/26/2009,,
5/27/2009,,
5/28/2009,,
5/29/2009,,
6/1/2009,,
6/2/2009,,
6/3/2009,,
6/4/2009,,
6/5/2009,,
6/8/2009,,
6/9/2009,,
6/10/2009,,
6/11/2009,,
6/12/2009,,
6/15/2009,,
6/16/2009,,
6/17/2009,,
6/18/2009,,
6/19/2009,,
6/22/2009,,
6/23/2009,,
6/24/2009,,
6/25/2009,,
6/26/2009,,
6/29/2009,,
6/30/2009,,
7/1/2009,,
7/2/2009,,
7/3/2009,,
7/6/2009,,
7/7/2009,,
7/8/2009,,
7/9/2009,,
7/10/2009,,
7/13/2009,,
7/14/2009,,
7/15/2009,,
7/16/2009,,
7/17/2009,,
7/20/2009,,
7/21/2009,,
7/22/2009,,
7/23/2009,,
7/24/2009,,
7/27/2009,,
7/28/2009,,
7/29/2009,,
7/30/2009,,
7/31/2009,,
8/3/2009,,
8/4/2009,,
8/5/2009,,
8/6/2009,,
8/7/2009,,
8/10/2009,,
8/11/2009,,
8/12/2009,,
8/13/2009,,
8/14/2009,,
8/17/2009,,
8/18/2009,,
8/19/2009,,
8/20/2009,,
8/21/2009,,
8/24/2009,,
8/25/2009,,
8/26/2009,,
8/27/2009,,
8/28/2009,,
8/31/2009,,
9/1/2009,,
9/2/2009,,
9/3/2009,,
9/4/2009,,
9/7/2009,,
9/8/2009,,
9/9/2009,,
9/10/2009,,
9/11/2009,,
9/14/2009,,
9/15/2009,,
9/16/2009,,
9/17/2009,,
9/18/2009,,
9/21/2009,,
9/22/2009,,
9/23/2009,,
9/24/2009,,
9/25/2009,,
9/28/2009,,
9/29/2009,,
9/30/2009,,
10/1/2009,,
10/2/2009,,
10/5/2009,,
10/6/2009,,
10/7/2009,,
10/8/2009,,
10/9/2009,,
10/12/2009,,
10/13/2009,,
10/14/2009,,
10/15/2009,,
10/16/2009,,
10/19/2009,,
10/20/2009,,
10/21/2009,,
10/22/2009,,
10/23/2009,,
10/26/2009,,
10/27/2009,,
10/28/2009,,
10/29/2009,,
10/30/2009,,
11/2/2009,,
11/3/2009,,
11/4/2009,,
11/5/2009,,
11/6/2009,,
11/9/2009,,
11/10/2009,,
11/11/2009,,
11/12/2009,,
11/13/2009,,
11/16/2009,,
11/17/2009,,
11/18/2009,,
11/19/2009,,
11/20/2009,,
11/23/2009,,
11/24/2009,,
11/25/2009,,
11/26/2009,,
11/27/2009,,
11/30/2009,,
12/1/2009,,
12/2/2009,,
12/3/2009,,
12/4/2009,,
12/7/2009,,
12/8/2009,,
12/9/2009,,
12/10/2009,,
12/11/2009,,
12/14/2009,,
12/15/2009,,
12/16/2009,,
12/17/2009,,
12/18/2009,,
12/21/2009,,
12/22/2009,,
12/23/2009,,
12/24/2009,,
12/25/2009,,
12/28/2009,,
12/29/2009,,
12/30/2009,,
12/31/2009,,
1/1/2010,,
1/4/2010,,
1/5/2010,,
1/6/2010,,
1/7/2010,,
1/8/2010,,
1/11/2010,,
1/12/2010,,
1/13/2010,,
1/14/2010,,
1/15/2010,,
1/18/2010,,
1/19/2010,,
1/20/2010,,
1/21/2010,,
1/22/2010,,
1/25/2010,,
1/26/2010,,
1/27/2010,,
1/28/2010,,
1/29/2010,,
2/1/2010,,
2/2/2010,,
2/3/2010,,
2/4/2010,,
2/5/2010,,
2/8/2010,,
2/9/2010,,
2/10/2010,,
2/11/2010,,
2/12/2010,,
2/15/2010,,
2/16/2010,,
2/17/2010,,
2/18/2010,,
2/19/2010,,
2/22/2010,,
2/23/2010,,
2/24/2010,,
2/25/2010,,
2/26/2010,,
3/1/2010,,
3/2/2010,,
3/3/2010,,
3/4/2010,,
3/5/2010,,
3/8/2010,,
3/9/2010,,
3/10/2010,,
3/11/2010,,
3/12/2010,,
3/15/2010,,
3/16/2010,,
3/17/2010,,
3/18/2010,,
3/19/2010,,
3/22/2010,,
3/23/2010,,
3/24/2010,,
3/25/2010,,
3/26/2010,,
3/29/2010,,
3/30/2010,,
3/31/2010,,
4/1/2010,,
4/2/2010,,
4/5/2010,,
4/6/2010,,
4/7/2010,,
4/8/2010,,
4/9/2010,,
4/12/2010,,
4/13/2010,,
4/14/2010,,
4/15/2010,,
4/16/2010,,
4/19/2010,,
4/20/2010,,
4/21/2010,,
4/22/2010,,
4/23/2010,,
4/26/2010,,
4/27/2010,,
4/28/2010,,
4/29/2010,,
4/30/2010,,
5/3/2010,,
5/4/2010,,
5/5/2010,,
5/6/2010,,
5/7/2010,,
5/10/2010,,
5/11/2010,,
5/12/2010,,
5/13/2010,,
5/14/2010,,
5/17/2010,,
5/18/2010,,
5/19/2010,,
5/20/2010,,
5/21/2010,,
5/24/2010,,
5/25/2010,,
5/26/2010,,
5/27/2010,,
5/28/2010,,
5/31/2010,,
6/1/2010,,
6/2/2010,,
6/3/2010,,
6/4/2010,,
6/7/2010,,
6/8/2010,,
6/9/2010,,
6/10/2010,,
6/11/2010,,
6/14/2010,,
6/15/2010,,
6/16/2010,,
6/17/2010,,
6/18/2010,,
6/21/2010,,
6/22/2010,,
6/23/2010,,
6/24/2010,,
6/25/2010,,
6/28/2010,,
6/29/2010,,
6/30/2010,,
7/1/2010,,
7/2/2010,,
7/5/2010,,
7/6/2010,,
7/7/2010,,
7/8/2010,,
7/9/2010,,
7/12/2010,,
7/13/2010,,
7/14/2010,,
7/15/2010,,
7/16/2010,,
7/19/2010,,
7/20/2010,,
7/21/2010,,
7/22/2010,,
7/23/2010,,
7/26/2010,,
7/27/2010,,
7/28/2010,,
7/29/2010,,
7/30/2010,,
8/2/2010,,
8/3/2010,,
8/4/2010,,
8/5/2010,,
8/6/2010,,
8/9/2010,,
8/10/2010,,
8/11/2010,,
8/12/2010,,
8/13/2010,,
8/16/2010,,
8/17/2010,,
8/18/2010,,
8/19/2010,,
8/20/2010,,
8/23/2010,,
8/24/2010,,
8/25/2010,,
8/26/2010,,
8/27/2010,,
8/30/2010,,
8/31/2010,,
9/1/2010,,
9/2/2010,,
9/3/2010,,
9/6/2010,,
9/7/2010,,
9/8/2010,,
9/9/2010,,
9/10/2010,,
9/13/2010,,
9/14/2010,,
9/15/2010,,
9/16/2010,,
9/17/2010,,
9/20/2010,,
9/21/2010,,
9/22/2010,,
9/23/2010,,
9/24/2010,,
9/27/2010,,
9/28/2010,,
9/29/2010,,
9/30/2010,,
10/1/2010,,
10/4/2010,,
10/5/2010,,
10/6/2010,,
10/7/2010,,
10/8/2010,,
10/11/2010,,
10/12/2010,,
10/13/2010,,
10/14/2010,,
10/15/2010,,
10/18/2010,,
10/19/2010,,
10/20/2010,,
10/21/2010,,
10/22/2010,,
10/25/2010,,
10/26/2010,,
10/27/2010,,
10/28/2010,,
10/29/2010,,
11/1/2010,,
11/2/2010,,
11/3/2010,,
11/4/2010,,
11/5/2010,,
11/8/2010,,
11/9/2010,,
11/10/2010,,
11/11/2010,,
11/12/2010,,
11/15/2010,,
11/16/2010,,
11/17/2010,,
11/18/2010,,
11/19/2010,,
11/22/2010,,
11/23/2010,,
11/24/2010,,
11/25/2010,,
11/26/2010,,
11/29/2010,,
11/30/2010,,
12/1/2010,,
12/2/2010,,
12/3/2010,,
12/6/2010,,
12/7/2010,,
12/8/2010,,
12/9/2010,,
12/10/2010,,
12/13/2010,,
12/14/2010,,
12/15/2010,,
12/16/2010,,
12/17/2010,,
12/20/2010,,
12/21/2010,,
12/22/2010,,
12/23/2010,,
12/24/2010,,
12/27/2010,,
12/28/2010,,
12/29/2010,,
12/30/2010,,
12/31/2010,,
1/3/2011,,
1/4/2011,,
1/5/2011,,
1/6/2011,,
1/7/2011,,
1/10/2011,,
1/11/2011,,
1/12/2011,,
1/13/2011,,
1/14/2011,,
1/17/2011,,
1/18/2011,,
1/19/2011,,
1/20/2011,,
1/21/2011,,
1/24/2011,,
1/25/2011,,
1/26/2011,,
1/27/2011,,
1/28/2011,,
1/31/2011,,
2/1/2011,,
2/2/2011,,
2/3/2011,,
2/4/2011,,
2/7/2011,,
2/8/2011,,
2/9/2011,,
2/10/2011,,
2/11/2011,,
2/14/2011,,
2/15/2011,,
2/16/2011,,
2/17/2011,,
2/18/2011,,
2/21/2011,,
2/22/2011,,
2/23/2011,,
2/24/2011,,
2/25/2011,,
2/28/2011,,
3/1/2011,,
3/2/2011,,
3/3/2011,,
3/4/2011,,
3/7/2011,,
3/8/2011,,
3/9/2011,,
3/10/2011,,
3/11/2011,,
3/14/2011,,
3/15/2011,,
3/16/2011,,
3/17/2011,,
3/18/2011,,
3/21/2011,,
3/22/2011,,
3/23/2011,,
3/24/2011,,
3/25/2011,,
3/28/2011,,
3/29/2011,,
3/30/2011,,
3/31/2011,,
4/1/2011,,
4/4/2011,,
4/5/2011,,
4/6/2011,,
4/7/2011,,
4/8/2011,,
4/11/2011,,
4/12/2011,,
4/13/2011,,
4/14/2011,,
4/15/2011,,
4/18/2011,,
4/19/2011,,
4/20/2011,,
4/21/2011,,
4/22/2011,,
4/25/2011,,
4/26/2011,,
4/27/2011,,
4/28/2011,,
4/29/2011,,
5/2/2011,,
5/3/2011,,
5/4/2011,,
5/5/2011,,
5/6/2011,,
5/9/2011,,
5/10/2011,,
5/11/2011,,
5/12/2011,,
5/13/2011,,
5/16/2011,,
5/17/2011,,
5/18/2011,,45.0
5/19/2011,,94.25
5/20/2011,,93.09
5/23/2011,,88.3
5/24/2011,,95.45
5/25/2011,,94.33
5/26/2011,,86.37
5/27/2011,,88.32
5/30/2011,,88.32
5/31/2011,,81.58
6/1/2011,,77.45
6/2/2011,,78.63
6/3/2011,,77.92
6/6/2011,,83.54
6/7/2011,,77.82
6/8/2011,,75.91
6/9/2011,,72.01
6/10/2011,,72.83
6/13/2011,,75.27
6/14/2011,,76.34
6/15/2011,,74.62
6/16/2011,,68.27
6/17/2011,,65.53
6/20/2011,,63.71
6/21/2011,,67.81
6/22/2011,,66.81
6/23/2011,,70.32
6/24/2011,,69.94
6/27/2011,,76.38
6/28/2011,,85.56
6/29/2011,,87.99
6/30/2011,,90.09
7/1/2011,,94.54
7/4/2011,,94.54
7/5/2011,,90.66
7/6/2011,,93.7
7/7/2011,,93.98
7/8/2011,,99.6
7/11/2011,,100.71
7/12/2011,,99.5
7/13/2011,,107.87
7/14/2011,,103.87
7/15/2011,,109.97
7/18/2011,,102.44
7/19/2011,,100.86
7/20/2011,,97.78
7/21/2011,,101.69
7/22/2011,,102.97
7/25/2011,,100.86
7/26/2011,,102.52
7/27/2011,,100.55
7/28/2011,,100.63
7/29/2011,,101.03
8/1/2011,,104.05
8/2/2011,,101.76
8/3/2011,,105.65
8/4/2011,,95.52
8/5/2011,,91.36
8/8/2011,,75.47
8/9/2011,,83.47
8/10/2011,,84.91
8/11/2011,,88.4
8/12/2011,,91.22
8/15/2011,,90.48
8/16/2011,,83.53
8/17/2011,,81.75
8/18/2011,,78.83
8/19/2011,,79.03
8/22/2011,,74.95
8/23/2011,,78.62
8/24/2011,,74.15
8/25/2011,,71.27
8/26/2011,,74.61
8/29/2011,,82.54
8/30/2011,,87.49
8/31/2011,,84.12
9/1/2011,,83.58
9/2/2011,,80.27
9/5/2011,,80.27
9/6/2011,,79.14
9/7/2011,,85.47
9/8/2011,,84.52
9/9/2011,,82.72
9/12/2011,,82.78
9/13/2011,,87.38
9/14/2011,,87.55
9/15/2011,,87.58
9/16/2011,,87.65
9/19/2011,,85.76
9/20/2011,,80.79
9/21/2011,,78.58
9/22/2011,,76.07
9/23/2011,,75.39
9/26/2011,,78.7
9/27/2011,,80.55
9/28/2011,,77.3
9/29/2011,,79.61
9/30/2011,,78.08
10/3/2011,,75.61
10/4/2011,,75.59
10/5/2011,,75.69
10/6/2011,,77.43
10/7/2011,,76.48
10/10/2011,,77.15
10/11/2011,,75.04
10/12/2011,,82.36
10/13/2011,,86.22
10/14/2011,,90.31
10/17/2011,,85.07
10/18/2011,,87.62
10/19/2011,,87.13
10/20/2011,,86.07
10/21/2011,,87.55
10/24/2011,,92.41
10/25/2011,,86.84
10/26/2011,,84.43
10/27/2011,,87.23
10/28/2011,,93.93
10/31/2011,,89.9
11/1/2011,,88.9
11/2/2011,,84.5
11/3/2011,,87.5
11/4/2011,,82.37
11/7/2011,,80.18
11/8/2011,,78.7
11/9/2011,,75.82
11/10/2011,,76.95
11/11/2011,,79.01
11/14/2011,,78.49
11/15/2011,,74.86
11/16/2011,,71.56
11/17/2011,,74.92
11/18/2011,,72.0
11/21/2011,,70.0
11/22/2011,,68.69
11/23/2011,,66.0
11/24/2011,,66.0
11/25/2011,,63.08
11/28/2011,,60.0
11/29/2011,,59.07
11/30/2011,,65.93
12/1/2011,,67.78
12/2/2011,,67.89
12/5/2011,,69.95
12/6/2011,,73.2
12/7/2011,,74.26
12/8/2011,,70.94
12/9/2011,,71.89
12/12/2011,,71.29
12/13/2011,,67.48
12/14/2011,,65.95
12/15/2011,,66.38
12/16/2011,,65.84
12/19/2011,,64.94
12/20/2011,,64.92
12/21/2011,,62.56
12/22/2011,,63.9
12/23/2011,,63.79
12/26/2011,,63.79
12/27/2011,,62.87
12/28/2011,,61.73
12/29/2011,,63.63
12/30/2011,,63.01
1/2/2012,,63.01
1/3/2012,,64.12
1/4/2012,,61.79
1/5/2012,,64.13
1/6/2012,,64.19
1/9/2012,,63.55
1/10/2012,,66.01
1/11/2012,54.9382,68.73
1/12/2012,53.4831,68.98
1/13/2012,52.7922,70.3
1/16/2012,52.7922,70.3
1/17/2012,53.0216,70.33
1/18/2012,53.0962,70.54
1/19/2012,51.5959,74.0
1/20/2012,51.4346,73.61
1/23/2012,51.2631,73.08
1/24/2012,50.1136,74.21
1/25/2012,50.06399999999999,73.16
1/26/2012,50.0264,72.39
1/27/2012,49.3354,76.64
1/30/2012,48.9716,75.11
1/31/2012,50.0323,72.15
2/1/2012,49.9848,72.37
2/2/2012,50.6104,76.98
2/3/2012,50.8374,79.88
2/6/2012,52.1156,79.76
2/7/2012,51.8849,77.77
2/8/2012,52.3151,76.54
2/9/2012,52.7278,76.39
2/10/2012,50.2252,89.96
2/13/2012,50.8833,88.03
2/14/2012,52.2774,85.1
2/15/2012,51.1132,87.64
2/16/2012,51.6147,92.0
2/17/2012,51.4403,93.05
2/20/2012,51.4403,93.05
2/21/2012,50.8075,90.87
2/22/2012,50.8785,90.41
2/23/2012,51.5277,91.46
2/24/2012,50.8794,90.73
2/27/2012,50.6756,89.23
2/28/2012,51.0613,86.95
2/29/2012,50.2876,86.87
3/1/2012,49.4404,87.0
3/2/2012,49.1524,87.5
3/5/2012,50.7452,86.37
3/6/2012,51.0313,86.44
3/7/2012,51.5141,85.36
3/8/2012,49.3849,90.4
3/9/2012,49.901,90.13
3/12/2012,49.5753,90.67
3/13/2012,48.9081,94.33
3/14/2012,50.9211,92.05
3/15/2012,50.7317,92.4
3/16/2012,51.2405,91.02
3/19/2012,50.9458,90.38
3/20/2012,49.8005,91.84
3/21/2012,48.9244,97.78
3/22/2012,48.1164,100.53
3/23/2012,48.3376,99.5
3/26/2012,46.8777,101.38
3/27/2012,47.507,103.31
3/28/2012,48.2848,102.08
3/29/2012,47.8706,102.67
3/30/2012,47.7715,101.99
4/2/2012,48.3244,102.64
4/3/2012,47.583,102.77
4/4/2012,48.8343,99.38
4/5/2012,47.2159,99.25
4/6/2012,47.2159,99.25
4/9/2012,47.6245,99.0
4/10/2012,48.213,97.99
4/11/2012,47.4165,97.66
4/12/2012,48.6555,105.9
4/13/2012,50.0169,107.24
4/16/2012,49.1173,101.08
4/17/2012,49.0256,103.87
4/18/2012,49.9359,105.0
4/19/2012,51.0275,104.58
4/20/2012,50.1494,105.01
4/23/2012,51.0255,99.55
4/24/2012,50.9414,98.07
4/25/2012,51.0632,102.85
4/26/2012,49.0675,105.24
4/27/2012,50.5959,109.72
4/30/2012,50.1644,108.45
5/1/2012,50.39,106.84
5/2/2012,52.5553,106.4
5/3/2012,53.1846,109.41
5/4/2012,50.4632,117.3
5/7/2012,51.4959,111.48
5/8/2012,51.6032,112.61
5/9/2012,51.8166,112.55
5/10/2012,52.4381,111.0
5/11/2012,53.2955,107.23
5/14/2012,54.9318,110.5
5/15/2012,55.0213,110.56
5/16/2012,54.6517,113.49
5/17/2012,55.8239,104.95
5/18/2012,60.5879,99.02
5/21/2012,60.5463,96.84
5/22/2012,59.8754,101.33
5/23/2012,60.3445,103.56
5/24/2012,61.688,98.8
5/25/2012,61.0078,98.52
5/28/2012,61.0078,98.52
5/29/2012,60.4999,99.94
5/30/2012,60.9242,98.13
5/31/2012,61.108999999999995,96.1
6/1/2012,62.3785,91.51
6/4/2012,62.2456,91.09
6/5/2012,61.7324,93.0
6/6/2012,60.5509,93.08
6/7/2012,60.2398,94.13
6/8/2012,59.7937,96.26
6/11/2012,59.7646,94.29
6/12/2012,59.1913,94.46
6/13/2012,58.8144,95.53
6/14/2012,59.0466,98.29
6/15/2012,58.7558,102.01
6/18/2012,58.3171,105.16
6/19/2012,55.7461,105.34
6/20/2012,55.1123,105.27
6/21/2012,56.7654,102.19
6/22/2012,55.586000000000006,106.85
6/25/2012,55.1292,103.05
6/26/2012,55.2212,106.42
6/27/2012,56.7312,105.17
6/28/2012,56.2613,102.74
6/29/2012,54.4424,106.27
7/2/2012,54.3923,107.63
7/3/2012,53.8474,108.54
7/4/2012,53.8474,108.54
7/5/2012,54.6835,108.24
7/6/2012,53.5898,108.86
7/9/2012,55.0631,102.98
7/10/2012,55.4021,99.53
7/11/2012,55.1223,101.08
7/12/2012,54.9125,104.64
7/13/2012,54.7381,105.59
7/16/2012,53.6133,103.21
7/17/2012,53.1525,103.84
7/18/2012,52.9265,104.61
7/19/2012,52.4176,108.65
7/20/2012,53.5118,106.26
7/23/2012,53.6665,104.2
7/24/2012,54.1418,102.99
7/25/2012,54.4268,102.19
7/26/2012,54.6836,100.82
7/27/2012,55.5105,103.42
7/30/2012,55.41,104.18
7/31/2012,55.1344,102.65
8/1/2012,57.5622,95.64
8/2/2012,58.2566,93.51
8/3/2012,54.3858,108.51
8/6/2012,51.6819,111.55
8/7/2012,51.9866,106.7
8/8/2012,52.8614,104.93
8/9/2012,53.1293,105.23
8/10/2012,53.0195,104.92
8/13/2012,52.3049,104.6
8/14/2012,51.4677,101.76
8/15/2012,52.1397,102.23
8/16/2012,50.6302,103.99
8/17/2012,51.9391,101.36
8/20/2012,51.146,102.92
8/21/2012,50.845,105.25
8/22/2012,50.2297,105.71
8/23/2012,50.3651,105.42
8/24/2012,51.035,105.11
8/27/2012,51.1567,104.67
8/28/2012,50.1874,107.51
8/29/2012,50.1154,109.0
8/30/2012,50.7441,107.37
8/31/2012,50.9475,107.3
9/3/2012,50.9475,107.3
9/4/2012,50.5312,107.37
9/5/2012,49.7923,113.28
9/6/2012,49.1783,119.1
9/7/2012,48.3334,119.04
9/10/2012,48.9044,117.8
9/11/2012,48.4445,117.9
9/12/2012,48.0152,119.55
9/13/2012,47.7948,119.47
9/14/2012,47.0504,123.23
9/17/2012,47.2657,121.4
9/18/2012,47.3855,121.43
9/19/2012,46.7921,122.51
9/20/2012,46.7515,122.78
9/21/2012,46.1462,122.84
9/24/2012,45.7065,122.7
9/25/2012,45.7545,119.89
9/26/2012,46.3562,118.0
9/27/2012,46.056999999999995,119.61
9/28/2012,46.0248,120.4
10/1/2012,46.1277,117.94
10/2/2012,46.1242,118.77
10/3/2012,45.523,121.68
10/4/2012,45.7537,121.98
10/5/2012,45.5481,118.83
10/8/2012,45.8972,117.97
10/9/2012,46.1298,113.07
10/10/2012,46.8119,111.98
10/11/2012,46.5891,113.77
10/12/2012,46.6749,110.41
10/15/2012,46.803999999999995,110.85
10/16/2012,46.2969,111.18
10/17/2012,46.5019,109.42
10/18/2012,46.7888,108.87
10/19/2012,46.6331,106.72
10/22/2012,47.2031,107.28
10/23/2012,47.4788,104.13
10/24/2012,47.3632,107.55
10/25/2012,47.6002,105.72
10/26/2012,48.2464,104.55
10/29/2012,48.2464,104.55
10/30/2012,48.2464,104.55
10/31/2012,48.0335,106.93
11/1/2012,48.1124,106.85
11/2/2012,47.6635,106.78
11/5/2012,47.8506,107.29
11/6/2012,47.703,104.14
11/7/2012,48.2154,101.21
11/8/2012,49.0439,96.35
11/9/2012,49.2928,95.62
11/12/2012,49.1509,99.0
11/13/2012,48.9198,99.26
11/14/2012,48.6524,98.77
11/15/2012,48.6471,100.65
11/16/2012,47.9667,103.13
11/19/2012,46.8191,105.53
11/20/2012,46.5702,106.76
11/21/2012,46.4013,107.59
11/22/2012,46.4013,107.59
11/23/2012,46.3123,107.62
11/26/2012,46.2631,108.82
11/27/2012,45.9329,107.59
11/28/2012,46.0493,107.85
11/29/2012,46.0381,107.11
11/30/2012,46.138999999999996,108.14
12/3/2012,46.2002,107.63
12/4/2012,46.5522,106.17
12/5/2012,46.4123,107.81
12/6/2012,46.518,109.05
12/7/2012,46.1705,109.7
12/10/2012,45.4795,111.74
12/11/2012,44.8298,113.45
12/12/2012,44.9876,112.64
12/13/2012,45.6533,111.99
12/14/2012,45.3089,112.99
12/17/2012,44.7094,114.33
12/18/2012,44.4378,115.58
12/19/2012,44.0654,114.78
12/20/2012,44.2084,115.66
12/21/2012,43.8565,114.11
12/24/2012,44.06399999999999,116.02
12/25/2012,44.06399999999999,116.02
12/26/2012,44.2191,114.96
12/27/2012,43.7793,114.03
12/28/2012,44.6188,112.89
12/31/2012,44.0677,114.82
1/1/2013,44.0677,114.82
1/2/2013,44.1849,112.65
1/3/2013,43.5773,112.45
1/4/2013,43.229,113.15
1/7/2013,42.4955,113.0
1/8/2013,42.6204,111.17
1/9/2013,41.9056,113.66
1/10/2013,39.8115,118.04
1/11/2013,38.3223,118.0
1/14/2013,38.1728,117.52
1/15/2013,37.1617,117.91
1/16/2013,37.0772,118.09
1/17/2013,37.097,119.32
1/18/2013,36.7818,119.02
1/21/2013,36.7818,119.02
1/22/2013,35.8654,119.29
1/23/2013,35.5741,120.26
1/24/2013,35.3238,121.22
1/25/2013,34.9146,123.78
1/28/2013,35.3264,127.2
1/29/2013,35.2014,124.53
1/30/2013,35.4588,123.46
1/31/2013,35.536,123.79
2/1/2013,35.3259,123.82
2/4/2013,36.1214,123.3
2/5/2013,36.5338,124.45
2/6/2013,36.1305,125.77
2/7/2013,36.2561,124.09
2/8/2013,34.8427,150.48
2/11/2013,36.3945,155.41
2/12/2013,35.4732,155.0
2/13/2013,35.1584,157.71
2/14/2013,35.6647,161.34
2/15/2013,35.9057,162.66
2/18/2013,35.9057,162.66
2/19/2013,35.8266,160.76
2/20/2013,36.5035,158.09
2/21/2013,37.176,157.36
2/22/2013,36.8641,160.44
2/25/2013,37.1842,156.05
2/26/2013,37.6011,157.77
2/27/2013,38.0059,168.55
2/28/2013,38.4222,168.18
3/1/2013,38.626,170.46
3/4/2013,39.1447,177.9
3/5/2013,39.0177,175.99
3/6/2013,40.8679,173.65
3/7/2013,41.0263,175.36
3/8/2013,40.7487,176.86
3/11/2013,40.3986,177.08
3/12/2013,40.3449,176.0
3/13/2013,39.8045,179.27
3/14/2013,39.0288,179.85
3/15/2013,38.7696,177.5
3/18/2013,38.1613,174.28
3/19/2013,38.4621,173.06
3/20/2013,38.24,174.66
3/21/2013,38.2674,175.04
3/22/2013,38.6368,181.48
3/25/2013,38.6133,175.83
3/26/2013,38.5976,176.05
3/27/2013,38.5503,177.88
3/28/2013,38.1245,176.06
3/29/2013,38.1245,176.06
4/1/2013,38.5155,173.61
4/2/2013,39.2266,172.68
4/3/2013,38.8497,167.31
4/4/2013,39.5861,172.71
4/5/2013,39.3172,172.77
4/8/2013,39.3416,172.12
4/9/2013,39.4118,172.07
4/10/2013,39.0685,177.31
4/11/2013,39.0182,180.18
4/12/2013,38.7781,185.39
4/15/2013,39.7583,175.37
4/16/2013,39.2407,182.47
4/17/2013,39.563,179.97
4/18/2013,41.2446,173.81
4/19/2013,40.8976,174.95
4/22/2013,40.7512,177.22
4/23/2013,41.2577,186.11
4/24/2013,41.3243,187.66
4/25/2013,41.8161,187.87
4/26/2013,41.283,187.76
4/29/2013,42.3626,188.39
4/30/2013,41.8857,192.09
5/1/2013,40.7131,194.82
5/2/2013,40.2429,201.67
5/3/2013,40.4362,175.59
5/6/2013,41.3672,176.92
5/7/2013,40.7707,180.65
5/8/2013,40.9349,177.15
5/9/2013,40.4381,177.39
5/10/2013,40.5826,173.78
5/13/2013,39.8275,175.03
5/14/2013,40.0863,184.4
5/15/2013,39.9909,184.81
5/16/2013,40.203,181.36
5/17/2013,40.0864,182.35
5/20/2013,40.3836,182.31
5/21/2013,39.9905,184.31
5/22/2013,40.4945,176.95
5/23/2013,40.9611,176.33
5/24/2013,41.2021,173.8
5/27/2013,41.2021,173.8
5/28/2013,41.6197,169.17
5/29/2013,41.5658,168.02
5/30/2013,41.8602,169.35
5/31/2013,42.0994,167.53
6/3/2013,42.5714,165.12
6/4/2013,43.0286,162.46
6/5/2013,42.8159,163.49
6/6/2013,42.2754,170.18
6/7/2013,41.677,170.7
6/10/2013,43.4948,174.09
6/11/2013,43.7404,168.39
6/12/2013,44.3001,167.12
6/13/2013,44.1249,172.02
6/14/2013,44.0288,178.24
6/17/2013,43.7003,177.59
6/18/2013,47.2092,179.42
6/19/2013,46.799,180.97
6/20/2013,47.6898,175.26
6/21/2013,47.3746,171.95
6/24/2013,43.3796,172.95
6/25/2013,43.085,176.87
6/26/2013,42.483000000000004,179.5
6/27/2013,42.9017,180.63
6/28/2013,43.0614,178.3
7/1/2013,42.3618,183.11
7/2/2013,42.6784,182.3
7/3/2013,42.6007,188.18
7/4/2013,42.6007,188.18
7/5/2013,45.5145,190.3
7/8/2013,45.4815,192.5
7/9/2013,46.0913,189.34
7/10/2013,45.618,188.39
7/11/2013,45.336999999999996,196.57
7/12/2013,45.5525,199.96
7/15/2013,45.7589,198.8
7/16/2013,45.9555,193.65
7/17/2013,45.5932,197.94
7/18/2013,46.2832,204.16
7/19/2013,41.4184,199.29
7/22/2013,45.7991,197.04
7/23/2013,45.5813,194.51
7/24/2013,45.3707,197.6
7/25/2013,45.2669,203.98
7/26/2013,45.0792,208.53
7/29/2013,45.1596,203.71
7/30/2013,45.4541,202.57
7/31/2013,45.3875,203.79
8/1/2013,44.9337,213.0
8/2/2013,43.8207,235.58
8/5/2013,43.6192,233.64
8/6/2013,43.585,231.77
8/7/2013,43.1198,232.92
8/8/2013,43.2647,232.39
8/9/2013,43.2478,232.81
8/12/2013,43.3513,239.65
8/13/2013,42.6262,241.82
8/14/2013,42.7273,236.33
8/15/2013,43.2293,228.29
8/16/2013,43.3539,227.01
8/19/2013,43.3187,230.5
8/20/2013,43.1417,231.77
8/21/2013,43.2423,230.79
8/22/2013,43.2983,234.25
8/23/2013,43.3158,240.37
8/26/2013,44.1745,242.39
8/27/2013,46.0914,235.92
8/28/2013,46.1521,238.88
8/29/2013,46.0049,241.12
8/30/2013,46.177,240.04
9/2/2013,46.177,240.04
9/3/2013,46.323,246.13
9/4/2013,46.0872,238.93
9/5/2013,46.4231,248.35
9/6/2013,46.66,253.22
9/9/2013,46.7336,249.01
9/10/2013,46.7116,252.17
9/11/2013,46.4916,256.14
9/12/2013,46.7475,249.7
9/13/2013,46.5164,249.59
9/16/2013,46.6227,245.0
9/17/2013,46.2702,247.69
9/18/2013,45.9433,249.58
9/19/2013,45.626000000000005,249.06
9/20/2013,45.3968,243.9
9/23/2013,44.6832,239.56
9/24/2013,44.3831,245.8
9/25/2013,44.437,246.69
9/26/2013,43.7189,254.01
9/27/2013,44.2628,246.72
9/30/2013,44.5241,246.06
10/1/2013,44.8275,251.0
10/2/2013,45.0372,251.19
10/3/2013,45.8997,245.07
10/4/2013,46.0202,244.99
10/7/2013,46.2824,237.21
10/8/2013,48.2464,222.73
10/9/2013,50.3864,221.83
10/10/2013,48.9084,227.55
10/11/2013,48.5623,226.62
10/14/2013,48.5274,228.5
10/15/2013,48.0595,235.45
10/16/2013,47.9419,238.92
10/17/2013,47.6658,240.0
10/18/2013,46.8989,250.21
10/21/2013,47.5586,249.79
10/22/2013,47.9493,244.95
10/23/2013,47.8822,240.83
10/24/2013,47.5544,243.29
10/25/2013,47.907,240.7
10/28/2013,48.4814,243.0
10/29/2013,48.2748,247.14
10/30/2013,46.8131,224.11
10/31/2013,46.8912,223.67
11/1/2013,46.8185,219.9
11/4/2013,46.8611,223.72
11/5/2013,47.0908,224.54
11/6/2013,46.924,220.78
11/7/2013,47.3865,211.47
11/8/2013,46.7601,215.17
11/11/2013,46.2917,211.66
11/12/2013,45.5866,209.28
11/13/2013,45.665,220.77
11/14/2013,45.3862,221.44
11/15/2013,45.0124,231.06
11/18/2013,44.9287,222.07
11/19/2013,44.8274,221.38
11/20/2013,45.143,216.19
11/21/2013,44.9478,220.61
11/22/2013,44.943999999999996,220.25
11/25/2013,45.0712,216.62
11/26/2013,44.5578,222.93
11/27/2013,43.9549,223.13
11/28/2013,43.9549,223.13
11/29/2013,43.9777,224.03
12/2/2013,44.3085,220.39
12/3/2013,44.3271,216.43
12/4/2013,44.4935,219.02
12/5/2013,44.7748,226.44
12/6/2013,44.5114,232.99
12/9/2013,44.327,234.81
12/10/2013,43.9883,236.98
12/11/2013,44.1284,231.41
12/12/2013,44.1178,231.74
12/13/2013,44.4106,229.3
12/16/2013,44.3862,228.09
12/17/2013,44.5478,223.58
12/18/2013,45.4682,215.42
12/19/2013,45.6255,219.07
12/20/2013,45.2088,218.66
12/23/2013,45.2038,220.02
12/24/2013,44.9648,220.3
12/25/2013,44.9648,220.3
12/26/2013,44.9925,220.5
12/27/2013,44.8091,216.35
12/30/2013,45.2619,214.65
12/31/2013,45.3572,216.83
1/1/2014,45.3572,216.83
1/2/2014,45.5591,207.64
1/3/2014,46.0694,207.42
1/6/2014,46.2375,203.92
1/7/2014,45.9413,209.64
1/8/2014,45.6951,209.06
1/9/2014,45.6509,215.25
1/10/2014,44.7839,218.75
1/13/2014,44.0534,213.54
1/14/2014,44.2085,216.22
1/15/2014,43.8959,216.0
1/16/2014,43.7877,230.56
1/17/2014,43.3248,219.93
1/20/2014,43.3248,219.93
1/21/2014,43.1057,220.98
1/22/2014,42.7478,220.48
1/23/2014,42.8468,216.74
1/24/2014,43.2508,217.39
1/27/2014,43.9203,205.22
1/28/2014,43.4646,212.69
1/29/2014,43.9904,204.13
1/30/2014,43.6847,212.4
1/31/2014,43.8998,215.21
2/3/2014,44.6406,215.4
2/4/2014,44.437,212.33
2/5/2014,44.7239,214.36
2/6/2014,44.7866,223.45
2/7/2014,42.9394,209.59
2/10/2014,43.0713,207.33
2/11/2014,43.2463,202.8
2/12/2014,43.8509,192.34
2/13/2014,43.9655,191.67
2/14/2014,43.4163,186.13
2/17/2014,43.4163,186.13
2/18/2014,42.7274,191.92
2/19/2014,42.0558,196.32
2/20/2014,41.7017,193.39
2/21/2014,42.9235,192.62
2/24/2014,41.6835,199.59
2/25/2014,41.753,209.84
2/26/2014,41.2384,212.8
2/27/2014,41.3549,213.77
2/28/2014,41.4216,204.04
3/3/2014,41.8303,201.45
3/4/2014,41.8181,203.0
3/5/2014,41.7954,207.74
3/6/2014,41.5344,208.81
3/7/2014,41.5514,206.79
3/10/2014,41.5947,202.43
3/11/2014,41.4129,201.5
3/12/2014,41.3461,203.08
3/13/2014,41.9121,197.84
3/14/2014,41.6592,196.78
3/17/2014,41.7862,191.81
3/18/2014,41.5383,197.85
3/19/2014,41.1859,201.95
3/20/2014,41.0073,204.42
3/21/2014,45.5597,196.72
3/24/2014,40.8157,188.14
3/25/2014,41.3199,184.33
3/26/2014,40.9666,185.93
3/27/2014,41.1529,188.54
3/28/2014,41.0118,190.59
3/31/2014,40.7453,184.94
4/1/2014,40.7767,187.96
4/2/2014,40.8689,183.38
4/3/2014,41.6783,176.97
4/4/2014,42.2278,165.83
4/7/2014,42.8631,159.65
4/8/2014,42.9418,169.1
4/9/2014,42.3447,176.18
4/10/2014,42.645,169.99
4/11/2014,43.687,165.78
4/14/2014,43.2074,165.78
4/15/2014,43.4409,170.9
4/16/2014,43.3031,171.82
4/17/2014,42.7342,175.42
4/18/2014,42.7342,175.42
4/21/2014,41.9269,176.9
4/22/2014,41.8221,176.31
4/23/2014,41.8155,175.71
4/24/2014,41.7432,171.59
4/25/2014,42.3425,158.17
4/28/2014,44.2761,148.06
4/29/2014,44.754,153.23
4/30/2014,44.0134,153.47
5/1/2014,43.1748,161.22
5/2/2014,43.23,147.73
5/5/2014,42.6175,150.91
5/6/2014,43.6034,142.33
5/7/2014,44.0961,143.37
5/8/2014,43.2759,145.07
5/9/2014,43.5597,148.69
5/12/2014,42.7235,152.3
5/13/2014,42.7113,147.67
5/14/2014,42.1042,145.56
5/15/2014,42.4377,147.86
5/16/2014,42.309,147.02
5/19/2014,41.3426,151.44
5/20/2014,41.7317,149.86
5/21/2014,40.9736,152.72
5/22/2014,40.2983,155.86
5/23/2014,40.3401,155.91
5/26/2014,40.3401,155.91
5/27/2014,40.1297,160.54
5/28/2014,40.0945,160.44
5/29/2014,40.4703,163.69
5/30/2014,39.8436,160.09
6/2/2014,40.2828,155.44
6/3/2014,40.2035,155.81
6/4/2014,40.2721,156.4
6/5/2014,40.4473,155.24
6/6/2014,40.4546,156.8
6/9/2014,40.0946,156.39
6/10/2014,40.8768,163.68
6/11/2014,40.3009,163.64
6/12/2014,40.3986,164.54
6/13/2014,40.7673,169.3
6/16/2014,40.1556,167.54
6/17/2014,39.7993,165.47
6/18/2014,40.069,169.25
6/19/2014,39.7027,166.99
6/20/2014,39.5779,165.8
6/23/2014,40.0621,168.4
6/24/2014,39.8028,166.19
6/25/2014,40.294000000000004,170.0
6/26/2014,39.9136,166.77
6/27/2014,39.9606,166.76
6/30/2014,40.2725,171.47
7/1/2014,39.4867,171.75
7/2/2014,39.5505,172.42
7/3/2014,40.2075,173.71
7/4/2014,40.2075,173.71
7/7/2014,40.2356,169.25
7/8/2014,40.5336,158.67
7/9/2014,40.7493,159.56
7/10/2014,40.0346,156.31
7/11/2014,39.9282,156.58
7/14/2014,40.6981,159.7
7/15/2014,40.5199,158.51
7/16/2014,40.2761,157.67
7/17/2014,40.3243,157.21
7/18/2014,40.3022,159.99
7/21/2014,40.0454,161.96
7/22/2014,39.9446,165.5
7/23/2014,39.3308,171.78
7/24/2014,39.7799,178.05
7/25/2014,39.8763,177.44
7/28/2014,40.6844,178.0
7/29/2014,39.571,179.74
7/30/2014,39.728,187.29
7/31/2014,39.5426,180.64
8/1/2014,39.4306,201.78
8/4/2014,39.5947,202.5
8/5/2014,40.0209,204.65
8/6/2014,40.2556,203.57
8/7/2014,40.1852,206.76
8/8/2014,40.1143,208.12
8/11/2014,40.1541,212.9
8/12/2014,40.2408,213.38
8/13/2014,40.0649,215.14
8/14/2014,39.2939,218.36
8/15/2014,38.8893,219.86
8/18/2014,39.9176,218.66
8/19/2014,39.0809,216.71
8/20/2014,39.6854,217.92
8/21/2014,39.3366,219.2
8/22/2014,38.7815,226.4
8/25/2014,38.455,222.48
8/26/2014,38.731,225.36
8/27/2014,38.6984,224.2
8/28/2014,38.8743,223.26
8/29/2014,38.6508,225.75
9/1/2014,38.6508,225.75
9/2/2014,38.8832,225.0
9/3/2014,38.7449,225.05
9/4/2014,39.4043,227.55
9/5/2014,38.7984,229.63
9/8/2014,38.2557,230.6
9/9/2014,38.9987,228.74
9/10/2014,38.8027,231.0
9/11/2014,38.9232,226.61
9/12/2014,38.8757,224.83
9/15/2014,41.0103,207.71
9/16/2014,40.1471,212.38
9/17/2014,40.6878,210.04
9/18/2014,39.3667,210.5
9/19/2014,39.3271,211.17
9/22/2014,39.3179,206.89
9/23/2014,39.9517,206.21
9/24/2014,39.6867,211.63
9/25/2014,39.9166,206.04
9/26/2014,39.4018,212.72
9/29/2014,39.3308,210.38
9/30/2014,40.2693,207.79
10/1/2014,40.0275,203.08
10/2/2014,40.5503,207.0
10/3/2014,39.7523,210.87
10/6/2014,40.9119,208.22
10/7/2014,39.7557,204.39
10/8/2014,39.3468,207.07
10/9/2014,39.4279,201.99
10/10/2014,42.3497,194.23
10/13/2014,42.0542,193.13
10/14/2014,41.43,196.02
10/15/2014,42.5471,199.62
10/16/2014,42.2427,198.39
10/17/2014,40.7775,195.96
10/20/2014,41.0128,198.44
10/21/2014,40.314,205.38
10/22/2014,41.0308,198.52
10/23/2014,40.5008,202.62
10/24/2014,40.3373,202.1
10/27/2014,40.4412,199.99
10/28/2014,40.7069,205.35
10/29/2014,41.4781,199.51
10/30/2014,41.2327,202.9
10/31/2014,38.8308,228.96
11/3/2014,39.1084,233.08
11/4/2014,38.2445,238.43
11/5/2014,39.5211,218.18
11/6/2014,39.3373,224.65
11/7/2014,39.5501,223.04
11/10/2014,38.6672,229.25
11/11/2014,38.7678,231.0
11/12/2014,38.231,231.13
11/13/2014,37.3612,229.77
11/14/2014,38.3131,233.89
11/17/2014,38.8769,223.28
11/18/2014,38.1071,221.07
11/19/2014,40.1304,219.61
11/20/2014,38.4162,220.3
11/21/2014,38.1404,219.09
11/24/2014,38.1939,221.76
11/25/2014,38.052,224.35
11/26/2014,38.4096,226.34
11/27/2014,38.4096,226.34
11/28/2014,38.0619,226.27
12/1/2014,38.3028,216.81
12/2/2014,39.496,215.02
12/3/2014,38.6138,217.74
12/4/2014,38.3829,218.83
12/5/2014,38.5807,218.08
12/8/2014,38.2492,211.94
12/9/2014,38.9231,215.47
12/10/2014,38.2239,215.07
12/11/2014,39.2266,217.36
12/12/2014,39.4333,219.9
12/15/2014,41.052,218.02
12/16/2014,39.7198,215.57
12/17/2014,40.1595,219.78
12/18/2014,40.2559,231.84
12/19/2014,38.0569,234.61
12/22/2014,39.7664,233.0
12/23/2014,39.102,231.49
12/24/2014,39.5267,231.83
12/25/2014,39.5267,231.83
12/26/2014,39.2495,235.25
12/29/2014,40.0992,233.34
12/30/2014,39.3689,232.67
12/31/2014,40.93,229.71
1/1/2015,40.93,229.71
1/2/2015,39.9262,229.65
1/5/2015,40.5321,227.51
1/6/2015,41.1766,219.51
1/7/2015,40.1452,222.16
1/8/2015,39.2845,227.05
1/9/2015,39.8664,227.13
1/12/2015,40.2736,223.13
1/13/2015,39.9786,223.0
1/14/2015,41.3505,219.43
1/15/2015,41.1796,213.21
1/16/2015,40.6722,214.18
1/19/2015,40.6722,214.18
1/20/2015,40.0778,213.06
1/21/2015,39.3414,219.2
1/22/2015,39.5501,224.94
1/23/2015,38.7035,232.22
1/26/2015,38.6704,226.36
1/27/2015,38.9312,222.62
1/28/2015,37.7168,220.46
1/29/2015,38.5872,223.04
1/30/2015,39.5199,224.74
2/2/2015,39.1671,224.57
2/3/2015,39.659,232.76
2/4/2015,38.7734,232.03
2/5/2015,39.5862,237.97
2/6/2015,37.537,263.4
2/9/2015,36.9586,267.43
2/10/2015,37.3342,269.75
2/11/2015,36.9514,267.92
2/12/2015,36.4703,267.17
2/13/2015,36.5574,269.0
2/16/2015,36.5574,269.0
2/17/2015,36.1253,265.75
2/18/2015,35.9108,266.91
2/19/2015,35.8014,266.34
2/20/2015,35.8364,267.63
2/23/2015,35.8978,264.21
2/24/2015,35.2775,264.26
2/25/2015,35.3709,269.0
2/26/2015,34.5154,270.76
2/27/2015,35.0829,267.2
3/2/2015,35.003,269.42
3/3/2015,34.7796,265.54
3/4/2015,34.9006,265.23
3/5/2015,35.3714,268.34
3/6/2015,35.5563,264.63
3/9/2015,35.3004,267.21
3/10/2015,35.6854,265.0
3/11/2015,35.7402,264.95
3/12/2015,35.2277,266.42
3/13/2015,35.9254,259.12
3/16/2015,35.1022,260.17
3/17/2015,35.3814,258.71
3/18/2015,34.709,260.15
3/19/2015,34.8891,260.58
3/20/2015,34.2965,264.25
3/23/2015,33.5625,261.84
3/24/2015,33.971,264.16
3/25/2015,34.5456,256.05
3/26/2015,34.5042,255.79
3/27/2015,34.3857,256.71
3/30/2015,34.257,255.19
3/31/2015,33.9296,249.86
4/1/2015,34.9506,248.32
4/2/2015,34.8778,248.82
4/3/2015,34.8778,248.82
4/6/2015,35.0553,249.31
4/7/2015,34.1326,249.81
4/8/2015,34.5021,252.26
4/9/2015,34.5326,256.14
4/10/2015,34.2995,265.35
4/13/2015,34.3588,263.16
4/14/2015,34.6607,257.5
4/15/2015,34.5624,257.19
4/16/2015,34.2959,257.07
4/17/2015,34.6472,253.75
4/20/2015,35.4694,258.52
4/21/2015,35.064,258.42
4/22/2015,34.9481,259.35
4/23/2015,34.6223,256.24
4/24/2015,34.6635,260.95
4/27/2015,34.5238,260.29
4/28/2015,35.3057,257.34
4/29/2015,35.4159,257.15
4/30/2015,35.4718,252.13
5/1/2015,34.7041,205.21
5/4/2015,35.0821,203.42
5/5/2015,35.7839,199.83
5/6/2015,35.3339,200.22
5/7/2015,34.4411,201.41
5/8/2015,34.235,198.72
5/11/2015,33.2844,200.26
5/12/2015,33.3338,200.24
5/13/2015,34.0595,196.87
5/14/2015,34.6642,194.49
5/15/2015,33.2532,195.66
5/18/2015,33.9491,198.38
5/19/2015,34.4117,194.22
5/20/2015,34.1951,193.8
5/21/2015,33.7446,197.04
5/22/2015,33.76,196.23
5/25/2015,33.76,196.23
5/26/2015,33.588,195.79
5/27/2015,33.7618,197.99
5/28/2015,33.53,196.23
5/29/2015,34.8615,194.93
6/1/2015,33.2753,200.77
6/2/2015,34.6062,204.81
6/3/2015,34.2325,213.25
6/4/2015,33.9654,212.83
6/5/2015,34.0821,213.8
6/8/2015,33.812,212.04
6/9/2015,34.5966,216.83
6/10/2015,34.0933,216.7
6/11/2015,34.373000000000005,217.95
6/12/2015,33.7782,215.72
6/15/2015,33.7602,215.75
6/16/2015,33.6627,217.29
6/17/2015,33.5895,215.91
6/18/2015,33.8872,217.75
6/19/2015,33.796,216.78
6/22/2015,33.6299,217.15
6/23/2015,34.0068,217.31
6/24/2015,34.0338,215.7
6/25/2015,34.0295,217.89
6/26/2015,34.150999999999996,215.93
6/29/2015,35.1925,203.55
6/30/2015,35.2636,206.63
7/1/2015,35.3219,207.96
7/2/2015,35.4397,207.76
7/3/2015,35.4397,207.76
7/6/2015,35.5895,209.45
7/7/2015,34.808,210.98
7/8/2015,35.5537,205.37
7/9/2015,36.1645,207.56
7/10/2015,34.715,209.95
7/13/2015,34.9287,213.33
7/14/2015,34.8191,213.88
7/15/2015,35.0048,218.54
7/16/2015,35.3075,219.27
7/17/2015,34.9007,224.95
7/20/2015,34.8847,230.56
7/21/2015,35.1164,231.05
7/22/2015,35.8319,224.8
7/23/2015,36.5556,224.1
7/24/2015,37.608000000000004,225.06
7/27/2015,38.1118,220.66
7/28/2015,37.7412,228.5
7/29/2015,37.347,232.0
7/30/2015,38.1266,227.15
7/31/2015,36.4016,203.26
8/3/2015,36.6058,197.1
8/4/2015,37.6573,194.76
8/5/2015,37.0897,192.7
8/6/2015,38.2046,189.51
8/7/2015,38.6863,190.03
8/10/2015,37.1284,190.22
8/11/2015,37.4816,190.02
8/12/2015,38.6033,188.9
8/13/2015,38.3746,188.82
8/14/2015,38.4092,189.59
8/17/2015,37.5602,190.66
8/18/2015,37.9666,186.88
8/19/2015,38.4008,188.71
8/20/2015,38.8808,180.57
8/21/2015,41.0208,179.5
8/24/2015,43.3809,172.38
8/25/2015,41.6586,169.94
8/26/2015,41.763999999999996,178.47
8/27/2015,40.4368,182.64
8/28/2015,40.7915,183.94
8/31/2015,40.3791,180.6
9/1/2015,42.0697,175.27
9/2/2015,42.1874,179.61
9/3/2015,42.0061,179.1
9/4/2015,41.6014,180.43
9/7/2015,41.6014,180.43
9/8/2015,41.4726,183.18
9/9/2015,40.686,186.65
9/10/2015,40.9282,193.1
9/11/2015,40.0857,195.6
9/14/2015,41.0134,194.26
9/15/2015,39.3861,195.45
9/16/2015,39.226,197.65
9/17/2015,38.7721,196.96
9/18/2015,38.7832,202.98
9/21/2015,39.0871,198.58
9/22/2015,39.4396,197.32
9/23/2015,39.2907,196.85
9/24/2015,40.0441,194.08
9/25/2015,39.9403,193.89
9/28/2015,40.9725,187.47
9/29/2015,41.0289,186.61
9/30/2015,40.0226,190.13
10/1/2015,40.7503,189.32
10/2/2015,40.6216,189.21
10/5/2015,39.8902,194.65
10/6/2015,38.9976,195.52
10/7/2015,39.4963,198.46
10/8/2015,39.2636,198.03
10/9/2015,38.8874,195.61
10/12/2015,39.1225,192.16
10/13/2015,39.4863,193.51
10/14/2015,39.729,195.04
10/15/2015,38.6766,197.56
10/16/2015,38.5918,197.9
10/19/2015,38.2155,197.41
10/20/2015,38.4975,197.6
10/21/2015,38.9057,193.0
10/22/2015,39.045,200.46
10/23/2015,37.7657,210.39
10/26/2015,37.6334,210.89
10/27/2015,40.2599,209.81
10/28/2015,38.5844,213.21
10/29/2015,39.5545,217.0
10/30/2015,35.9303,240.87
11/2/2015,35.978,240.5
11/3/2015,36.479,247.77
11/4/2015,36.3183,253.02
11/5/2015,36.7711,249.74
11/6/2015,36.1756,250.64
11/9/2015,37.6483,254.52
11/10/2015,37.5181,255.54
11/11/2015,37.0459,252.21
11/12/2015,37.5098,252.96
11/13/2015,37.881,243.0
11/16/2015,37.9881,246.48
11/17/2015,37.922,245.32
11/18/2015,38.0124,248.76
11/19/2015,37.2284,250.21
11/20/2015,37.2804,252.87
11/23/2015,36.8797,251.09
11/24/2015,37.5604,246.92
11/25/2015,37.3423,245.66
11/26/2015,37.3423,245.66
11/27/2015,37.3369,244.59
11/30/2015,36.9866,243.11
12/1/2015,37.2169,249.82
12/2/2015,36.893,245.51
12/3/2015,37.8417,239.44
12/4/2015,36.7697,241.5
12/7/2015,37.5929,234.56
12/8/2015,37.8196,238.51
12/9/2015,37.7164,231.34
12/10/2015,37.7317,232.09
12/11/2015,38.3642,230.61
12/14/2015,38.5921,231.99
12/15/2015,38.4581,229.23
12/16/2015,37.7071,234.51
12/17/2015,37.4235,231.15
12/18/2015,38.2682,225.8
12/21/2015,38.0528,227.33
12/22/2015,37.6589,228.35
12/23/2015,37.4456,228.97
12/24/2015,37.4109,229.03
12/25/2015,37.4109,229.03
12/28/2015,37.2668,229.29
12/29/2015,36.3378,231.37
12/30/2015,36.7962,227.53
12/31/2015,36.8739,225.08
1/1/2016,36.8739,225.08
1/4/2016,37.3915,225.55
1/5/2016,37.8442,229.0
1/6/2016,37.868,226.08
1/7/2016,39.1947,217.0
1/8/2016,39.3075,215.9
1/11/2016,38.7161,210.93
1/12/2016,38.4449,210.43
1/13/2016,39.6822,203.13
1/14/2016,39.2558,203.21
1/15/2016,40.181,196.32
1/18/2016,40.181,196.32
1/19/2016,40.5937,193.43
1/20/2016,41.6724,189.31
1/21/2016,41.4248,189.76
1/22/2016,40.2121,199.46
1/25/2016,40.5503,193.54
1/26/2016,40.0779,196.14
1/27/2016,40.8579,188.03
1/28/2016,40.9206,191.14
1/29/2016,40.7058,197.91
2/1/2016,40.5864,205.76
2/2/2016,40.9923,203.43
2/3/2016,41.7558,191.25
2/4/2016,43.4787,192.28
2/5/2016,59.6618,108.38
2/8/2016,53.8141,109.97
2/9/2016,55.556000000000004,100.98
2/10/2016,54.5629,101.76
2/11/2016,54.3811,103.47
2/12/2016,52.4967,101.11
2/15/2016,52.4967,101.11
2/16/2016,51.825,106.0
2/17/2016,50.3342,111.01
2/18/2016,50.8122,113.46
2/19/2016,50.1642,114.12
2/22/2016,48.891000000000005,116.45
2/23/2016,49.0945,116.01
2/24/2016,49.2966,117.7
2/25/2016,49.3899,119.0
2/26/2016,48.3412,120.91
2/29/2016,48.9315,117.19
3/1/2016,48.8612,116.34
3/2/2016,48.8218,119.6
3/3/2016,48.4612,117.03
3/4/2016,48.6883,119.35
3/7/2016,49.2544,114.88
3/8/2016,49.4834,114.09
3/9/2016,49.2075,117.94
3/10/2016,48.9342,114.98
3/11/2016,48.1983,115.51
3/14/2016,48.266999999999996,117.28
3/15/2016,48.4238,115.58
3/16/2016,48.5553,109.81
3/17/2016,48.5038,109.7
3/18/2016,47.7003,113.1
3/21/2016,47.7088,114.54
3/22/2016,47.3914,113.41
3/23/2016,47.5797,112.45
3/24/2016,47.6632,111.03
3/25/2016,47.6632,111.03
3/28/2016,48.3305,109.12
3/29/2016,47.5827,110.03
3/30/2016,46.0187,113.83
3/31/2016,46.2382,114.35
4/1/2016,46.0156,115.63
4/4/2016,46.7799,115.31
4/5/2016,47.5312,113.68
4/6/2016,47.1796,114.75
4/7/2016,47.1324,112.43
4/8/2016,47.8428,108.44
4/11/2016,48.0471,109.3
4/12/2016,47.7842,109.69
4/13/2016,46.7635,113.23
4/14/2016,46.1883,117.7
4/15/2016,45.8232,116.61
4/18/2016,45.184,118.0
4/19/2016,45.3368,115.42
4/20/2016,45.1445,117.32
4/21/2016,45.25,120.46
4/22/2016,45.5333,119.45
4/25/2016,44.7793,120.48
4/26/2016,45.1878,122.53
4/27/2016,45.383,118.85
4/28/2016,45.9171,123.01
4/29/2016,41.3216,125.31
5/2/2016,41.9165,128.85
5/3/2016,42.4949,124.91
5/4/2016,42.5265,124.54
5/5/2016,42.2408,123.11
5/6/2016,42.0878,121.82
5/9/2016,41.9228,121.6
5/10/2016,41.5985,128.93
5/11/2016,41.6352,128.77
5/12/2016,41.56100000000001,126.9
5/13/2016,41.6255,127.04
5/16/2016,41.0417,128.97
5/17/2016,41.5152,128.92
5/18/2016,41.5781,128.39
5/19/2016,41.6831,125.24
5/20/2016,41.1408,125.56
5/23/2016,40.81,125.15
5/24/2016,41.0871,128.58
5/25/2016,40.5463,129.87
5/26/2016,40.5348,129.25
5/27/2016,40.0367,131.36
5/30/2016,40.0367,131.36
5/31/2016,40.4843,136.5
6/1/2016,40.6629,137.03
6/2/2016,40.5345,136.5
6/3/2016,40.6062,135.07
6/6/2016,40.4168,135.7
6/7/2016,41.0351,133.7
6/8/2016,40.9882,133.85
6/9/2016,40.7359,136.52
6/10/2016,41.9725,131.08
6/13/2016,4.9035,192.21
6/14/2016,5.239,191.63
6/15/2016,5.6693,191.29
6/16/2016,5.7659,191.33
6/17/2016,6.1951,190.8
6/20/2016,6.3089,190.81
6/21/2016,6.2817,190.79
6/22/2016,6.1051,190.32
6/23/2016,6.3932,190.45
6/24/2016,7.5993,190.11
6/27/2016,7.8403,189.44
6/28/2016,7.9286,189.5
6/29/2016,7.4252,189.59
6/30/2016,7.9499,189.25
7/1/2016,8.0155,189.5
7/4/2016,8.0155,189.5
7/5/2016,6.7688,190.01
7/6/2016,7.3706,190.45
7/7/2016,7.2135,190.2
7/8/2016,7.3939,190.44
7/11/2016,7.0269,190.27
7/12/2016,7.3797,190.3
7/13/2016,7.6596,189.86
7/14/2016,8.3229,189.31
7/15/2016,8.3137,189.57
7/18/2016,8.1096,189.6
7/19/2016,7.6569,189.86
7/20/2016,7.8726,189.55
7/21/2016,7.5619,189.57
7/22/2016,7.4434,189.95
7/25/2016,5.6767,191.94
7/26/2016,5.5857,192.55
7/27/2016,5.4681,192.3
7/28/2016,5.1187,193.27
7/29/2016,5.1939,192.73
8/1/2016,5.0077,193.09
8/2/2016,4.9514,192.52
8/3/2016,5.2535,192.26
8/4/2016,5.1373,192.01
8/5/2016,4.7725,192.15
8/8/2016,5.3743,191.76
8/9/2016,5.2622,191.9
8/10/2016,5.2471,192.0
8/11/2016,5.2135,191.8
8/12/2016,5.6326,191.61
8/15/2016,5.681,191.06
8/16/2016,6.0394,191.0
8/17/2016,5.2966,191.4
8/18/2016,5.4012,191.36
8/19/2016,5.3921,191.5
8/22/2016,4.968,191.77
8/23/2016,4.6563,191.82
8/24/2016,4.4589,191.9
8/25/2016,4.5642,191.9
8/26/2016,4.3388,192.5
8/29/2016,4.2397,192.28
8/30/2016,3.9614,192.3
8/31/2016,4.0129,192.75
9/1/2016,3.7349,192.73
9/2/2016,3.8529,192.8
9/5/2016,3.8529,192.8
9/6/2016,3.4263,192.79
9/7/2016,3.7281,192.81
9/8/2016,3.4443,192.85
9/9/2016,3.9157,192.74
9/12/2016,3.8751,192.8
9/13/2016,3.6993,192.66
9/14/2016,3.7539999999999996,192.89
9/15/2016,3.843,192.59
9/16/2016,4.0158,192.4
9/19/2016,3.9806,192.2
9/20/2016,4.1847,192.5
9/21/2016,3.7992,192.4
9/22/2016,3.7534,192.48
9/23/2016,3.5697,192.79
9/26/2016,3.6017,193.04
9/27/2016,4.2953,192.2
9/28/2016,3.9094,192.29
9/29/2016,5.8543,190.87
9/30/2016,5.0403,191.12
10/3/2016,4.9696,191.95
10/4/2016,4.4073,192.23
10/5/2016,4.4018,192.21
10/6/2016,5.1348,191.75
10/7/2016,5.2861,191.18
10/10/2016,5.6288,190.71
10/11/2016,6.0888,190.34
10/12/2016,5.9728,190.47
10/13/2016,6.0054,190.56
10/14/2016,4.9,190.74
10/17/2016,4.8905,190.45
10/18/2016,5.1219,190.38
10/19/2016,5.3816,190.4
10/20/2016,5.5187,190.4
10/21/2016,5.6657,190.12
10/24/2016,7.657,189.85
10/25/2016,7.7161,189.3
10/26/2016,8.3884,189.29
10/27/2016,8.5651,188.63
10/28/2016,7.9728,189.5
10/31/2016,7.9766,189.6
11/1/2016,8.0683,188.98
11/2/2016,8.6679,188.5
11/3/2016,8.8714,188.23
11/4/2016,9.1846,187.6
11/7/2016,6.0826,190.12
11/8/2016,5.2466,191.32
11/9/2016,4.7624,191.01
11/10/2016,6.3495,191.0
11/11/2016,6.0706,191.44
11/14/2016,5.9636,190.53
11/15/2016,5.8712,191.05
11/16/2016,3.6652,193.47
11/17/2016,3.7125,193.35
11/18/2016,3.6318,193.64
11/21/2016,3.4408,193.54
11/22/2016,3.4774,193.72
11/23/2016,1.7831,194.92
11/24/2016,1.7831,194.92
11/25/2016,1.3599,195.15
11/28/2016,1.4837,195.12
11/29/2016,1.6485,195.03
11/30/2016,1.2790000000000001,195.24
12/1/2016,1.3255,195.31
12/2/2016,1.1372,195.2
12/5/2016,1.4253,195.25
12/6/2016,0.6779,195.94
12/7/2016,0.4749,195.96
12/8/2016,0.4749,195.96
12/9/2016,0.4749,195.96
12/12/2016,0.4749,195.96
12/13/2016,0.4749,195.96
12/14/2016,0.4749,195.96
12/15/2016,0.4749,195.96
12/16/2016,0.4749,195.96
12/19/2016,0.4749,195.96
12/20/2016,0.4749,195.96
12/21/2016,0.4749,195.96
12/22/2016,0.4749,195.96
12/23/2016,0.4749,195.96
12/26/2016,0.4749,195.96
12/27/2016,0.4749,195.96
12/28/2016,0.4749,195.96
12/29/2016,0.4749,195.96
12/30/2016,0.4749,195.96
1/2/2017,0.4749,195.96
1/3/2017,0.4749,195.96
1/4/2017,0.4749,195.96
1/5/2017,0.4749,195.96
1/6/2017,0.4749,195.96
1/9/2017,0.4749,195.96
1/10/2017,0.4749,195.96
1/11/2017,0.4749,195.96
1/12/2017,0.4749,195.96
1/13/2017,0.4749,195.96
1/16/2017,0.4749,195.96
1/17/2017,0.4749,195.96
1/18/2017,0.4749,195.96
1/19/2017,0.4749,195.96
1/20/2017,0.4749,195.96
1/23/2017,0.4749,195.96
1/24/2017,0.4749,195.96
1/25/2017,0.4749,195.96
1/26/2017,0.4749,195.96
1/27/2017,0.4749,195.96
1/30/2017,0.4749,195.96
1/31/2017,0.4749,195.96
2/1/2017,0.4749,195.96
2/2/2017,0.4749,195.96
2/3/2017,0.4749,195.96
2/6/2017,0.4749,195.96
2/7/2017,0.4749,195.96
2/8/2017,0.4749,195.96
2/9/2017,0.4749,195.96
2/10/2017,0.4749,195.96
2/13/2017,0.4749,195.96
2/14/2017,0.4749,195.96
2/15/2017,0.4749,195.96
2/16/2017,0.4749,195.96
2/17/2017,0.4749,195.96
2/20/2017,0.4749,195.96
2/21/2017,0.4749,195.96
2/22/2017,0.4749,195.96
2/23/2017,0.4749,195.96
2/24/2017,0.4749,195.96
2/27/2017,0.4749,195.96
2/28/2017,0.4749,195.96
3/1/2017,0.4749,195.96
3/2/2017,0.4749,195.96
3/3/2017,0.4749,195.96
3/6/2017,0.4749,195.96
3/7/2017,0.4749,195.96
3/8/2017,0.4749,195.96
3/9/2017,0.4749,195.96
3/10/2017,0.4749,195.96
3/13/2017,0.4749,195.96
3/14/2017,0.4749,195.96
3/15/2017,0.4749,195.96
3/16/2017,0.4749,195.96
3/17/2017,0.4749,195.96
3/20/2017,0.4749,195.96
3/21/2017,0.4749,195.96
3/22/2017,0.4749,195.96
3/23/2017,0.4749,195.96
3/24/2017,0.4749,195.96
3/27/2017,0.4749,195.96
3/28/2017,0.4749,195.96
3/29/2017,0.4749,195.96
3/30/2017,0.4749,195.96
3/31/2017,0.4749,195.96
4/3/2017,0.4749,195.96
4/4/2017,0.4749,195.96
4/5/2017,0.4749,195.96
4/6/2017,0.4749,195.96
4/7/2017,0.4749,195.96
4/10/2017,0.4749,195.96
4/11/2017,0.4749,195.96
4/12/2017,0.4749,195.96
4/13/2017,0.4749,195.96
4/14/2017,0.4749,195.96
4/17/2017,0.4749,195.96
4/18/2017,0.4749,195.96
4/19/2017,0.4749,195.96
4/20/2017,0.4749,195.96
4/21/2017,0.4749,195.96
4/24/2017,0.4749,195.96
4/25/2017,0.4749,195.96
4/26/2017,0.4749,195.96
4/27/2017,0.4749,195.96
4/28/2017,0.4749,195.96
5/1/2017,0.4749,195.96
5/2/2017,0.4749,195.96
5/3/2017,0.4749,195.96
5/4/2017,0.4749,195.96
5/5/2017,0.4749,195.96
5/8/2017,0.4749,195.96
5/9/2017,0.4749,195.96
5/10/2017,0.4749,195.96
5/11/2017,0.4749,195.96
5/12/2017,0.4749,195.96
5/15/2017,0.4749,195.96
5/16/2017,0.4749,195.96
5/17/2017,0.4749,195.96
5/18/2017,0.4749,195.96
5/19/2017,0.4749,195.96
5/22/2017,0.4749,195.96
5/23/2017,0.4749,195.96
5/24/2017,0.4749,195.96
5/25/2017,0.4749,195.96
5/26/2017,0.4749,195.96
5/29/2017,0.4749,195.96
5/30/2017,0.4749,195.96
5/31/2017,0.4749,195.96
6/1/2017,0.4749,195.96
6/2/2017,0.4749,195.96
6/5/2017,0.4749,195.96
6/6/2017,0.4749,195.96
6/7/2017,0.4749,195.96
6/8/2017,0.4749,195.96
6/9/2017,0.4749,195.96
6/12/2017,0.4749,195.96
6/13/2017,0.4749,195.96
6/14/2017,0.4749,195.96
6/15/2017,0.4749,195.96
6/16/2017,0.4749,195.96
6/19/2017,0.4749,195.96
6/20/2017,0.4749,195.96
6/21/2017,0.4749,195.96
6/22/2017,0.4749,195.96
6/23/2017,0.4749,195.96
6/26/2017,0.4749,195.96
6/27/2017,0.4749,195.96
6/28/2017,0.4749,195.96
6/29/2017,0.4749,195.96
6/30/2017,0.4749,195.96
7/3/2017,0.4749,195.96
7/4/2017,0.4749,195.96
7/5/2017,0.4749,195.96
7/6/2017,0.4749,195.96
7/7/2017,0.4749,195.96
7/10/2017,0.4749,195.96
7/11/2017,0.4749,195.96
7/12/2017,0.4749,195.96
7/13/2017,0.4749,195.96
7/14/2017,0.4749,195.96
7/17/2017,0.4749,195.96
7/18/2017,0.4749,195.96
7/19/2017,0.4749,195.96
7/20/2017,0.4749,195.96
7/21/2017,0.4749,195.96
7/24/2017,0.4749,195.96
7/25/2017,0.4749,195.96
7/26/2017,0.4749,195.96
7/27/2017,0.4749,195.96
7/28/2017,0.4749,195.96
7/31/2017,0.4749,195.96
8/1/2017,0.4749,195.96
8/2/2017,0.4749,195.96
8/3/2017,0.4749,195.96
8/4/2017,0.4749,195.96
8/7/2017,0.4749,195.96
8/8/2017,0.4749,195.96
8/9/2017,0.4749,195.96
8/10/2017,0.4749,195.96
8/11/2017,0.4749,195.96
8/14/2017,0.4749,195.96
8/15/2017,0.4749,195.96
8/16/2017,0.4749,195.96
8/17/2017,0.4749,195.96
8/18/2017,0.4749,195.96
8/21/2017,0.4749,195.96
8/22/2017,0.4749,195.96
8/23/2017,0.4749,195.96
8/24/2017,0.4749,195.96
8/25/2017,0.4749,195.96
8/28/2017,0.4749,195.96
8/29/2017,0.4749,195.96
8/30/2017,0.4749,195.96
8/31/2017,0.4749,195.96
9/1/2017,0.4749,195.96
9/4/2017,0.4749,195.96
9/5/2017,0.4749,195.96
9/6/2017,0.4749,195.96
9/7/2017,0.4749,195.96
9/8/2017,0.4749,195.96
9/11/2017,0.4749,195.96
9/12/2017,0.4749,195.96
9/13/2017,0.4749,195.96
9/14/2017,0.4749,195.96
9/15/2017,0.4749,195.96
9/18/2017,0.4749,195.96
9/19/2017,0.4749,195.96
9/20/2017,0.4749,195.96
9/21/2017,0.4749,195.96
9/22/2017,0.4749,195.96
9/25/2017,0.4749,195.96
9/26/2017,0.4749,195.96
9/27/2017,0.4749,195.96
9/28/2017,0.4749,195.96
9/29/2017,0.4749,195.96
10/2/2017,0.4749,195.96
10/3/2017,0.4749,195.96
10/4/2017,0.4749,195.96
10/5/2017,0.4749,195.96
10/6/2017,0.4749,195.96
10/9/2017,0.4749,195.96
10/10/2017,0.4749,195.96
10/11/2017,0.4749,195.96
10/12/2017,0.4749,195.96
10/13/2017,0.4749,195.96
10/16/2017,0.4749,195.96
10/17/2017,0.4749,195.96
10/18/2017,0.4749,195.96
10/19/2017,0.4749,195.96
10/20/2017,0.4749,195.96
10/23/2017,0.4749,195.96
10/24/2017,0.4749,195.96
10/25/2017,0.4749,195.96
10/26/2017,0.4749,195.96
10/27/2017,0.4749,195.96
10/30/2017,0.4749,195.96
10/31/2017,0.4749,195.96
11/1/2017,0.4749,195.96
11/2/2017,0.4749,195.96
11/3/2017,0.4749,195.96
11/6/2017,0.4749,195.96
11/7/2017,0.4749,195.96
11/8/2017,0.4749,195.96
11/9/2017,0.4749,195.96
11/10/2017,0.4749,195.96
11/13/2017,0.4749,195.96
11/14/2017,0.4749,195.96
11/15/2017,0.4749,195.96
11/16/2017,0.4749,195.96
11/17/2017,0.4749,195.96
11/20/2017,0.4749,195.96
11/21/2017,0.4749,195.96
11/22/2017,0.4749,195.96
11/23/2017,0.4749,195.96
11/24/2017,0.4749,195.96
11/27/2017,0.4749,195.96
11/28/2017,0.4749,195.96
11/29/2017,0.4749,195.96
11/30/2017,0.4749,195.96
12/1/2017,0.4749,195.96
12/4/2017,0.4749,195.96
12/5/2017,0.4749,195.96
12/6/2017,0.4749,195.96
12/7/2017,0.4749,195.96
12/8/2017,0.4749,195.96
12/11/2017,0.4749,195.96
12/12/2017,0.4749,195.96
12/13/2017,0.4749,195.96
12/14/2017,0.4749,195.96
12/15/2017,0.4749,195.96
12/18/2017,0.4749,195.96
12/19/2017,0.4749,195.96
12/20/2017,0.4749,195.96
12/21/2017,0.4749,195.96
12/22/2017,0.4749,195.96
12/25/2017,0.4749,195.96
12/26/2017,0.4749,195.96
12/27/2017,0.4749,195.96
12/28/2017,0.4749,195.96
12/29/2017,0.4749,195.96
1/1/2018,0.4749,195.96
1/2/2018,0.4749,195.96
1/3/2018,0.4749,195.96
1/4/2018,0.4749,195.96
1/5/2018,0.4749,195.96
1/8/2018,0.4749,195.96
1/9/2018,0.4749,195.96
1/10/2018,0.4749,195.96
1/11/2018,0.4749,195.96
1/12/2018,0.4749,195.96
1/15/2018,0.4749,195.96
1/16/2018,0.4749,195.96
1/17/2018,0.4749,195.96
1/18/2018,0.4749,195.96
1/19/2018,0.4749,195.96
1/22/2018,0.4749,195.96
1/23/2018,0.4749,195.96
1/24/2018,0.4749,195.96
1/25/2018,0.4749,195.96
1/26/2018,0.4749,195.96
1/29/2018,0.4749,195.96
1/30/2018,0.4749,195.96
1/31/2018,0.4749,195.96
2/1/2018,0.4749,195.96
2/2/2018,0.4749,195.96
2/5/2018,0.4749,195.96
2/6/2018,0.4749,195.96
2/7/2018,0.4749,195.96
2/8/2018,0.4749,195.96
2/9/2018,0.4749,195.96
2/12/2018,0.4749,195.96
2/13/2018,0.4749,195.96
2/14/2018,0.4749,195.96
2/15/2018,0.4749,195.96
2/16/2018,0.4749,195.96
2/19/2018,0.4749,195.96
2/20/2018,0.4749,195.96
2/21/2018,0.4749,195.96
2/22/2018,0.4749,195.96
2/23/2018,0.4749,195.96
2/26/2018,0.4749,195.96
2/27/2018,0.4749,195.96
2/28/2018,0.4749,195.96
3/1/2018,0.4749,195.96
3/2/2018,0.4749,195.96
3/5/2018,0.4749,195.96
3/6/2018,0.4749,195.96
3/7/2018,0.4749,195.96
3/8/2018,0.4749,195.96
3/9/2018,0.4749,195.96
3/12/2018,0.4749,195.96
3/13/2018,0.4749,195.96
3/14/2018,0.4749,195.96
3/15/2018,0.4749,195.96
3/16/2018,0.4749,195.96
3/19/2018,0.4749,195.96
3/20/2018,0.4749,195.96
3/21/2018,0.4749,195.96
3/22/2018,0.4749,195.96
3/23/2018,0.4749,195.96
3/26/2018,0.4749,195.96
3/27/2018,0.4749,195.96
3/28/2018,0.4749,195.96
3/29/2018,0.4749,195.96
3/30/2018,0.4749,195.96
4/2/2018,0.4749,195.96
4/3/2018,0.4749,195.96
4/4/2018,0.4749,195.96
4/5/2018,0.4749,195.96
4/6/2018,0.4749,195.96
4/9/2018,0.4749,195.96
4/10/2018,0.4749,195.96
4/11/2018,0.4749,195.96
4/12/2018,0.4749,195.96
4/13/2018,0.4749,195.96
4/16/2018,0.4749,195.96
4/17/2018,0.4749,195.96
4/18/2018,0.4749,195.96
4/19/2018,0.4749,195.96
4/20/2018,0.4749,195.96
4/23/2018,0.4749,195.96
4/24/2018,0.4749,195.96
4/25/2018,0.4749,195.96
4/26/2018,0.4749,195.96
4/27/2018,0.4749,195.96
4/30/2018,0.4749,195.96
5/1/2018,0.4749,195.96
5/2/2018,0.4749,195.96
5/3/2018,0.4749,195.96
5/4/2018,0.4749,195.96
5/7/2018,0.4749,195.96
5/8/2018,0.4749,195.96
5/9/2018,0.4749,195.96
5/10/2018,0.4749,195.96
5/11/2018,0.4749,195.96
5/14/2018,0.4749,195.96
5/15/2018,0.4749,195.96
5/16/2018,0.4749,195.96
5/17/2018,0.4749,195.96
5/18/2018,0.4749,195.96
5/21/2018,0.4749,195.96
5/22/2018,0.4749,195.96
5/23/2018,0.4749,195.96
5/24/2018,0.4749,195.96
5/25/2018,0.4749,195.96
5/28/2018,0.4749,195.96
5/29/2018,0.4749,195.96
5/30/2018,0.4749,195.96
5/31/2018,0.4749,195.96
6/1/2018,0.4749,195.96
6/4/2018,0.4749,195.96
6/5/2018,0.4749,195.96
6/6/2018,0.4749,195.96
6/7/2018,0.4749,195.96
6/8/2018,0.4749,195.96
6/11/2018,0.4749,195.96
6/12/2018,0.4749,195.96
6/13/2018,0.4749,195.96
6/14/2018,0.4749,195.96
6/15/2018,0.4749,195.96
6/18/2018,0.4749,195.96
6/19/2018,0.4749,195.96
6/20/2018,0.4749,195.96
6/21/2018,0.4749,195.96
6/22/2018,0.4749,195.96
6/25/2018,0.4749,195.96
6/26/2018,0.4749,195.96
6/27/2018,0.4749,195.96
6/28/2018,0.4749,195.96
6/29/2018,0.4749,195.96
7/2/2018,0.4749,195.96
7/3/2018,0.4749,195.96
7/4/2018,0.4749,195.96
7/5/2018,0.4749,195.96
7/6/2018,0.4749,195.96
7/9/2018,0.4749,195.96
7/10/2018,0.4749,195.96
7/11/2018,0.4749,195.96
7/12/2018,0.4749,195.96
7/13/2018,0.4749,195.96
7/16/2018,0.4749,195.96
7/17/2018,0.4749,195.96
7/18/2018,0.4749,195.96
7/19/2018,0.4749,195.96
7/20/2018,0.4749,195.96
7/23/2018,0.4749,195.96
7/24/2018,0.4749,195.96
7/25/2018,0.4749,195.96
7/26/2018,0.4749,195.96
7/27/2018,0.4749,195.96
7/30/2018,0.4749,195.96
7/31/2018,0.4749,195.96
8/1/2018,0.4749,195.96
8/2/2018,0.4749,195.96
8/3/2018,0.4749,195.96
8/6/2018,0.4749,195.96
8/7/2018,0.4749,195.96
8/8/2018,0.4749,195.96
8/9/2018,0.4749,195.96
8/10/2018,0.4749,195.96
8/13/2018,0.4749,195.96
8/14/2018,0.4749,195.96
8/15/2018,0.4749,195.96
8/16/2018,0.4749,195.96
8/17/2018,0.4749,195.96
8/20/2018,0.4749,195.96
8/21/2018,0.4749,195.96
8/22/2018,0.4749,195.96
8/23/2018,0.4749,195.96
8/24/2018,0.4749,195.96
8/27/2018,0.4749,195.96
8/28/2018,0.4749,195.96
8/29/2018,0.4749,195.96
8/30/2018,0.4749,195.96
8/31/2018,0.4749,195.96
9/3/2018,0.4749,195.96
9/4/2018,0.4749,195.96
9/5/2018,0.4749,195.96
9/6/2018,0.4749,195.96
9/7/2018,0.4749,195.96
9/10/2018,0.4749,195.96
9/11/2018,0.4749,195.96
9/12/2018,0.4749,195.96
9/13/2018,0.4749,195.96
9/14/2018,0.4749,195.96
9/17/2018,0.4749,195.96
9/18/2018,0.4749,195.96
9/19/2018,0.4749,195.96
9/20/2018,0.4749,195.96
9/21/2018,0.4749,195.96
9/24/2018,0.4749,195.96
9/25/2018,0.4749,195.96
9/26/2018,0.4749,195.96
9/27/2018,0.4749,195.96
9/28/2018,0.4749,195.96
10/1/2018,0.4749,195.96
10/2/2018,0.4749,195.96
10/3/2018,0.4749,195.96
10/4/2018,0.4749,195.96
10/5/2018,0.4749,195.96
10/8/2018,0.4749,195.96
10/9/2018,0.4749,195.96
10/10/2018,0.4749,195.96
10/11/2018,0.4749,195.96
10/12/2018,0.4749,195.96
10/15/2018,0.4749,195.96
10/16/2018,0.4749,195.96
10/17/2018,0.4749,195.96
10/18/2018,0.4749,195.96
10/19/2018,0.4749,195.96
10/22/2018,0.4749,195.96
10/23/2018,0.4749,195.96
10/24/2018,0.4749,195.96
10/25/2018,0.4749,195.96
10/26/2018,0.4749,195.96
10/29/2018,0.4749,195.96
10/30/2018,0.4749,195.96
10/31/2018,0.4749,195.96
11/1/2018,0.4749,195.96
11/2/2018,0.4749,195.96
11/5/2018,0.4749,195.96
11/6/2018,0.4749,195.96
11/7/2018,0.4749,195.96
11/8/2018,0.4749,195.96
11/9/2018,0.4749,195.96
11/12/2018,0.4749,195.96
11/13/2018,0.4749,195.96
11/14/2018,0.4749,195.96
11/15/2018,0.4749,195.96
11/16/2018,0.4749,195.96
11/19/2018,0.4749,195.96
11/20/2018,0.4749,195.96
11/21/2018,0.4749,195.96
11/22/2018,0.4749,195.96
11/23/2018,0.4749,195.96
11/26/2018,0.4749,195.96
11/27/2018,0.4749,195.96
11/28/2018,0.4749,195.96
11/29/2018,0.4749,195.96
11/30/2018,0.4749,195.96
12/3/2018,0.4749,195.96
12/4/2018,0.4749,195.96
12/5/2018,0.4749,195.96
12/6/2018,0.4749,195.96
12/7/2018,0.4749,195.96
12/10/2018,0.4749,195.96
12/11/2018,0.4749,195.96
12/12/2018,0.4749,195.96
12/13/2018,0.4749,195.96
12/14/2018,0.4749,195.96
12/17/2018,0.4749,195.96
12/18/2018,0.4749,195.96
12/19/2018,0.4749,195.96
12/20/2018,0.4749,195.96
12/21/2018,0.4749,195.96
12/24/2018,0.4749,195.96
12/25/2018,0.4749,195.96
12/26/2018,0.4749,195.96
12/27/2018,0.4749,195.96
12/28/2018,0.4749,195.96
12/31/2018,0.4749,195.96
1/1/2019,0.4749,195.96
1/2/2019,0.4749,195.96
1/3/2019,0.4749,195.96
1/4/2019,0.4749,195.96
1/7/2019,0.4749,195.96
1/8/2019,0.4749,195.96
1/9/2019,0.4749,195.96
1/10/2019,0.4749,195.96
1/11/2019,0.4749,195.96
1/14/2019,0.4749,195.96
1/15/2019,0.4749,195.96
1/16/2019,0.4749,195.96
1/17/2019,0.4749,195.96
1/18/2019,0.4749,195.96
1/21/2019,0.4749,195.96
1/22/2019,0.4749,195.96
1/23/2019,0.4749,195.96
1/24/2019,0.4749,195.96
1/25/2019,0.4749,195.96
1/28/2019,0.4749,195.96
1/29/2019,0.4749,195.96
1/30/2019,0.4749,195.96
1/31/2019,0.4749,195.96
2/1/2019,0.4749,195.96
2/4/2019,0.4749,195.96
2/5/2019,0.4749,195.96
2/6/2019,0.4749,195.96
2/7/2019,0.4749,195.96
2/8/2019,0.4749,195.96
2/11/2019,0.4749,195.96
2/12/2019,0.4749,195.96
2/13/2019,0.4749,195.96
2/14/2019,0.4749,195.96
2/15/2019,0.4749,195.96
2/18/2019,0.4749,195.96
2/19/2019,0.4749,195.96
2/20/2019,0.4749,195.96
2/21/2019,0.4749,195.96
2/22/2019,0.4749,195.96
2/25/2019,0.4749,195.96
2/26/2019,0.4749,195.96
2/27/2019,0.4749,195.96
2/28/2019,0.4749,195.96
3/1/2019,0.4749,195.96
3/4/2019,0.4749,195.96
3/5/2019,0.4749,195.96
3/6/2019,0.4749,195.96
3/7/2019,0.4749,195.96
3/8/2019,0.4749,195.96
3/11/2019,0.4749,195.96
3/12/2019,0.4749,195.96
3/13/2019,0.4749,195.96
3/14/2019,0.4749,195.96
3/15/2019,0.4749,195.96
3/18/2019,0.4749,195.96
3/19/2019,0.4749,195.96
3/20/2019,0.4749,195.96
3/21/2019,0.4749,195.96
3/22/2019,0.4749,195.96
3/25/2019,0.4749,195.96
3/26/2019,0.4749,195.96
3/27/2019,0.4749,195.96
3/28/2019,0.4749,195.96
3/29/2019,0.4749,195.96
4/1/2019,0.4749,195.96
4/2/2019,0.4749,195.96
4/3/2019,0.4749,195.96
4/4/2019,0.4749,195.96
4/5/2019,0.4749,195.96
4/8/2019,0.4749,195.96
4/9/2019,0.4749,195.96
4/10/2019,0.4749,195.96
4/11/2019,0.4749,195.96
4/12/2019,0.4749,195.96
4/15/2019,0.4749,195.96
4/16/2019,0.4749,195.96
4/17/2019,0.4749,195.96
4/18/2019,0.4749,195.96
4/19/2019,0.4749,195.96
4/22/2019,0.4749,195.96
4/23/2019,0.4749,195.96
4/24/2019,0.4749,195.96
4/25/2019,0.4749,195.96
4/26/2019,0.4749,195.96
4/29/2019,0.4749,195.96
4/30/2019,0.4749,195.96
5/1/2019,0.4749,195.96
5/2/2019,0.4749,195.96
5/3/2019,0.4749,195.96
5/6/2019,0.4749,195.96
5/7/2019,0.4749,195.96
5/8/2019,0.4749,195.96
5/9/2019,0.4749,195.96
5/10/2019,0.4749,195.96
5/13/2019,0.4749,195.96
5/14/2019,0.4749,195.96
5/15/2019,0.4749,195.96
5/16/2019,0.4749,195.96
5/17/2019,0.4749,195.96
5/20/2019,0.4749,195.96
5/21/2019,0.4749,195.96
5/22/2019,0.4749,195.96
5/23/2019,0.4749,195.96
5/24/2019,0.4749,195.96
5/27/2019,0.4749,195.96
5/28/2019,0.4749,195.96
5/29/2019,0.4749,195.96
5/30/2019,0.4749,195.96
5/31/2019,0.4749,195.96
6/3/2019,0.4749,195.96
6/4/2019,0.4749,195.96
6/5/2019,0.4749,195.96
6/6/2019,0.4749,195.96
6/7/2019,0.4749,195.96
6/10/2019,0.4749,195.96
6/11/2019,0.4749,195.96
6/12/2019,0.4749,195.96
6/13/2019,0.4749,195.96
6/14/2019,0.4749,195.96
6/17/2019,0.4749,195.96
6/18/2019,0.4749,195.96
6/19/2019,0.4749,195.96
6/20/2019,0.4749,195.96
6/21/2019,0.4749,195.96
6/24/2019,0.4749,195.96
6/25/2019,0.4749,195.96
6/26/2019,0.4749,195.96
6/27/2019,0.4749,195.96
6/28/2019,0.4749,195.96
7/1/2019,0.4749,195.96
7/2/2019,0.4749,195.96
7/3/2019,0.4749,195.96
7/4/2019,0.4749,195.96
7/5/2019,0.4749,195.96
7/8/2019,0.4749,195.96
7/9/2019,0.4749,195.96
7/10/2019,0.4749,195.96
7/11/2019,0.4749,195.96
7/12/2019,0.4749,195.96
7/15/2019,0.4749,195.96
7/16/2019,0.4749,195.96
7/17/2019,0.4749,195.96
7/18/2019,0.4749,195.96
7/19/2019,0.4749,195.96
7/22/2019,0.4749,195.96
7/23/2019,0.4749,195.96
7/24/2019,0.4749,195.96
7/25/2019,0.4749,195.96
7/26/2019,0.4749,195.96
7/29/2019,0.4749,195.96
7/30/2019,0.4749,195.96
7/31/2019,0.4749,195.96
8/1/2019,0.4749,195.96
8/2/2019,0.4749,195.96
8/5/2019,0.4749,195.96
8/6/2019,0.4749,195.96
8/7/2019,0.4749,195.96
8/8/2019,0.4749,195.96
8/9/2019,0.4749,195.96
8/12/2019,0.4749,195.96
8/13/2019,0.4749,195.96
8/14/2019,0.4749,195.96
8/15/2019,0.4749,195.96
8/16/2019,0.4749,195.96
8/19/2019,0.4749,195.96
8/20/2019,0.4749,195.96
8/21/2019,0.4749,195.96
8/22/2019,0.4749,195.96
8/23/2019,0.4749,195.96
8/26/2019,0.4749,195.96
8/27/2019,0.4749,195.96
8/28/2019,0.4749,195.96
8/29/2019,0.4749,195.96
8/30/2019,0.4749,195.96
9/2/2019,0.4749,195.96
9/3/2019,0.4749,195.96
9/4/2019,0.4749,195.96
9/5/2019,0.4749,195.96
9/6/2019,0.4749,195.96
9/9/2019,0.4749,195.96
9/10/2019,0.4749,195.96
9/11/2019,0.4749,195.96
9/12/2019,0.4749,195.96
9/13/2019,0.4749,195.96
9/16/2019,0.4749,195.96
9/17/2019,0.4749,195.96
9/18/2019,0.4749,195.96
9/19/2019,0.4749,195.96
9/20/2019,0.4749,195.96
9/23/2019,0.4749,195.96
9/24/2019,0.4749,195.96
9/25/2019,0.4749,195.96
9/26/2019,0.4749,195.96
9/27/2019,0.4749,195.96
9/30/2019,0.4749,195.96
10/1/2019,0.4749,195.96
10/2/2019,0.4749,195.96
10/3/2019,0.4749,195.96
10/4/2019,0.4749,195.96
10/7/2019,0.4749,195.96
10/8/2019,0.4749,195.96
10/9/2019,0.4749,195.96
10/10/2019,0.4749,195.96
10/11/2019,0.4749,195.96
10/14/2019,0.4749,195.96
10/15/2019,0.4749,195.96
10/16/2019,0.4749,195.96
10/17/2019,0.4749,195.96
10/18/2019,0.4749,195.96
10/21/2019,0.4749,195.96
10/22/2019,0.4749,195.96
10/23/2019,0.4749,195.96
10/24/2019,0.4749,195.96
10/25/2019,0.4749,195.96
10/28/2019,0.4749,195.96
10/29/2019,0.4749,195.96
10/30/2019,0.4749,195.96
10/31/2019,0.4749,195.96
11/1/2019,0.4749,195.96
11/4/2019,0.4749,195.96
11/5/2019,0.4749,195.96
11/6/2019,0.4749,195.96
11/7/2019,0.4749,195.96
11/8/2019,0.4749,195.96
11/11/2019,0.4749,195.96
11/12/2019,0.4749,195.96
11/13/2019,0.4749,195.96
11/14/2019,0.4749,195.96
11/15/2019,0.4749,195.96
11/18/2019,0.4749,195.96
11/19/2019,0.4749,195.96
11/20/2019,0.4749,195.96
11/21/2019,0.4749,195.96
11/22/2019,0.4749,195.96
11/25/2019,0.4749,195.96
11/26/2019,0.4749,195.96
11/27/2019,0.4749,195.96
11/28/2019,0.4749,195.96
11/29/2019,0.4749,195.96
12/2/2019,0.4749,195.96
12/3/2019,0.4749,195.96
12/4/2019,0.4749,195.96
12/5/2019,0.4749,195.96
12/6/2019,0.4749,195.96
